tile,dsm,shade_map,zenith,azimuth
189,271110_p_189_2022_06_02_dsm.tif,271110_p_189_Shadow_20240922_1930_LST.tif,0.792964906882756,269.39548667663263
189,271110_p_189_2022_06_02_dsm.tif,271110_p_189_Shadow_20240922_1000_LST.tif,21.539083082332045,120.56573170392895
189,271110_p_189_2022_06_02_dsm.tif,271110_p_189_Shadow_20240715_0900_LST.tif,27.979581687520785,90.62082431590646
189,271110_p_189_2022_06_02_dsm.tif,271110_p_189_Shadow_20240715_1430_LST.tif,57.91219582857566,199.33488476573848
189,271110_p_189_2022_06_02_dsm.tif,271110_p_189_Shadow_20240815_1000_LST.tif,31.317288294445987,109.23529933528394
189,271110_p_189_2022_06_02_dsm.tif,271110_p_189_Shadow_20240620_0530_LST.tif,0.9657893474112538,50.311287827483824
189,271110_p_189_2022_06_02_dsm.tif,271110_p_189_Shadow_20240815_1930_LST.tif,13.129836331665086,275.6271901820376
189,271110_p_189_2022_06_02_dsm.tif,271110_p_189_Shadow_20240515_1700_LST.tif,38.58868795910816,249.54190620184147
189,271110_p_189_2022_06_02_dsm.tif,271110_p_189_Shadow_20241015_1700_LST.tif,13.777045391145469,234.84547227358465
189,271110_p_189_2022_06_02_dsm.tif,271110_p_189_Shadow_20240715_2130_LST.tif,2.5481030257268564,303.00308538748277
189,271110_p_189_2022_06_02_dsm.tif,271110_p_189_Shadow_20240620_1130_LST.tif,51.710806534301284,126.24222631609365
189,271110_p_189_2022_06_02_dsm.tif,271110_p_189_Shadow_20240620_1800_LST.tif,33.831633926818824,265.15001971226343
189,271110_p_189_2022_06_02_dsm.tif,271110_p_189_Shadow_20240922_1430_LST.tif,36.30503024921513,197.81547837739342
189,271110_p_189_2022_06_02_dsm.tif,271110_p_189_Shadow_20240620_2000_LST.tif,15.80026620160737,288.1285465245905
189,271110_p_189_2022_06_02_dsm.tif,271110_p_189_Shadow_20240922_0900_LST.tif,13.223444586021714,107.48481060809863
189,271110_p_189_2022_06_02_dsm.tif,271110_p_189_Shadow_20240715_1000_LST.tif,37.04125512880281,103.23306166082213
189,271110_p_189_2022_06_02_dsm.tif,271110_p_189_Shadow_20240715_1930_LST.tif,19.265456017388722,280.3387559017991
189,271110_p_189_2022_06_02_dsm.tif,271110_p_189_Shadow_20240515_0730_LST.tif,13.99147959241296,76.85939939306117
189,271110_p_189_2022_06_02_dsm.tif,271110_p_189_Shadow_20240815_1430_LST.tif,50.39352166500743,197.3757030134018
189,271110_p_189_2022_06_02_dsm.tif,271110_p_189_Shadow_20240620_0830_LST.tif,25.589049564861654,84.15531556183349
189,271110_p_189_2022_06_02_dsm.tif,271110_p_189_Shadow_20241015_1330_LST.tif,28.86089034692272,181.11953843143544
189,271110_p_189_2022_06_02_dsm.tif,271110_p_189_Shadow_20240515_1330_LST.tif,56.66280304756762,177.10424127945578
189,271110_p_189_2022_06_02_dsm.tif,271110_p_189_Shadow_20240815_0900_LST.tif,22.42101232276592,96.2958261759569
189,271110_p_189_2022_06_02_dsm.tif,271110_p_189_Shadow_20240620_1500_LST.tif,57.484051422642516,214.68260747234072
189,271110_p_189_2022_06_02_dsm.tif,271110_p_189_Shadow_20240815_1600_LST.tif,42.961654823291276,227.58940907354838
189,271110_p_189_2022_06_02_dsm.tif,271110_p_189_Shadow_20241015_1830_LST.tif,1.685577732428518,253.53172018690532
189,271110_p_189_2022_06_02_dsm.tif,271110_p_189_Shadow_20240515_1830_LST.tif,25.16593766178503,269.0433527637002
189,271110_p_189_2022_06_02_dsm.tif,271110_p_189_Shadow_20240515_1100_LST.tif,44.8903927285011,122.55453900730916
189,271110_p_189_2022_06_02_dsm.tif,271110_p_189_Shadow_20241015_1100_LST.tif,21.415396351067105,140.83785314645831
189,271110_p_189_2022_06_02_dsm.tif,271110_p_189_Shadow_20240620_1730_LST.tif,38.359685833341686,258.74076146245443
189,271110_p_189_2022_06_02_dsm.tif,271110_p_189_Shadow_20240922_1600_LST.tif,29.28589236109326,223.3421969975724
189,271110_p_189_2022_06_02_dsm.tif,271110_p_189_Shadow_20240715_0630_LST.tif,6.08120532852539,62.1626334829638
189,271110_p_189_2022_06_02_dsm.tif,271110_p_189_Shadow_20240715_1230_LST.tif,55.71966933421504,147.25280460687057
189,271110_p_189_2022_06_02_dsm.tif,271110_p_189_Shadow_20240515_0800_LST.tif,18.48326932788807,82.5613980709643
189,271110_p_189_2022_06_02_dsm.tif,271110_p_189_Shadow_20240815_1230_LST.tif,48.674127068466156,151.88455334449367
189,271110_p_189_2022_06_02_dsm.tif,271110_p_189_Shadow_20240620_0700_LST.tif,12.360985523983862,67.41161312973868
189,271110_p_189_2022_06_02_dsm.tif,271110_p_189_Shadow_20241015_1530_LST.tif,23.346519598877347,213.65064004243402
189,271110_p_189_2022_06_02_dsm.tif,271110_p_189_Shadow_20240515_1530_LST.tif,50.07425194460849,224.2952499558958
189,271110_p_189_2022_06_02_dsm.tif,271110_p_189_Shadow_20240620_1300_LST.tif,59.983555893006084,160.44808382340906
189,271110_p_189_2022_06_02_dsm.tif,271110_p_189_Shadow_20240815_0630_LST.tif,0.47929468803861347,66.84293207591638
189,271110_p_189_2022_06_02_dsm.tif,271110_p_189_Shadow_20240922_1230_LST.tif,36.052843322508714,160.41358058152176
189,271110_p_189_2022_06_02_dsm.tif,271110_p_189_Shadow_20240515_2030_LST.tif,7.379175600115104,292.0416079382151
189,271110_p_189_2022_06_02_dsm.tif,271110_p_189_Shadow_20240715_1600_LST.tif,49.78218171385291,232.50796199037603
189,271110_p_189_2022_06_02_dsm.tif,271110_p_189_Shadow_20240715_1530_LST.tif,53.166413776384225,222.69051225365973
189,271110_p_189_2022_06_02_dsm.tif,271110_p_189_Shadow_20240922_1830_LST.tif,9.556910091394698,257.40744014956556
189,271110_p_189_2022_06_02_dsm.tif,271110_p_189_Shadow_20240922_1100_LST.tif,28.742963018266025,135.11629804786008
189,271110_p_189_2022_06_02_dsm.tif,271110_p_189_Shadow_20240715_0800_LST.tif,18.896028084712917,79.06875511339636
189,271110_p_189_2022_06_02_dsm.tif,271110_p_189_Shadow_20240515_1600_LST.tif,46.6254215970219,233.62139108746803
189,271110_p_189_2022_06_02_dsm.tif,271110_p_189_Shadow_20241015_1600_LST.tif,20.566101435270703,221.05621086529732
189,271110_p_189_2022_06_02_dsm.tif,271110_p_189_Shadow_20240715_2030_LST.tif,10.507182252940133,291.5714466231842
189,271110_p_189_2022_06_02_dsm.tif,271110_p_189_Shadow_20240620_1030_LST.tif,43.6281306298028,109.62936137628206
189,271110_p_189_2022_06_02_dsm.tif,271110_p_189_Shadow_20240620_1900_LST.tif,24.70289656909015,276.9582605012414
189,271110_p_189_2022_06_02_dsm.tif,271110_p_189_Shadow_20240815_1100_LST.tif,39.478002113024125,124.06918655001161
189,271110_p_189_2022_06_02_dsm.tif,271110_p_189_Shadow_20240815_1830_LST.tif,22.25514876381871,263.7130027342677
189,271110_p_189_2022_06_02_dsm.tif,271110_p_189_Shadow_20240620_2100_LST.tif,7.4858604804738755,299.27795302238616
189,271110_p_189_2022_06_02_dsm.tif,271110_p_189_Shadow_20240922_0800_LST.tif,4.382522792388263,95.29143426406283
189,271110_p_189_2022_06_02_dsm.tif,271110_p_189_Shadow_20240715_1100_LST.tif,45.592551487925846,117.97464430280098
189,271110_p_189_2022_06_02_dsm.tif,271110_p_189_Shadow_20240715_1830_LST.tif,28.36791592971425,268.7602577341342
189,271110_p_189_2022_06_02_dsm.tif,271110_p_189_Shadow_20240815_2030_LST.tif,4.271029953542858,287.2509951757687
189,271110_p_189_2022_06_02_dsm.tif,271110_p_189_Shadow_20240922_1530_LST.tif,32.19283460268274,215.2961637822877
189,271110_p_189_2022_06_02_dsm.tif,271110_p_189_Shadow_20241015_1230_LST.tif,27.71580797495275,164.32449774268153
189,271110_p_189_2022_06_02_dsm.tif,271110_p_189_Shadow_20240515_1230_LST.tif,54.22566016850963,152.34775931538428
189,271110_p_189_2022_06_02_dsm.tif,271110_p_189_Shadow_20240815_0800_LST.tif,13.315579018719614,84.36420651721193
189,271110_p_189_2022_06_02_dsm.tif,271110_p_189_Shadow_20240620_1400_LST.tif,60.876823200053686,188.46838004852623
189,271110_p_189_2022_06_02_dsm.tif,271110_p_189_Shadow_20240515_0630_LST.tif,5.416824746577042,65.46148537652492
189,271110_p_189_2022_06_02_dsm.tif,271110_p_189_Shadow_20240815_1530_LST.tif,46.08866180992132,218.3546746971738
189,271110_p_189_2022_06_02_dsm.tif,271110_p_189_Shadow_20240620_0930_LST.tif,34.72005736340752,96.06809337326263
189,271110_p_189_2022_06_02_dsm.tif,271110_p_189_Shadow_20240515_1930_LST.tif,16.084632910637648,280.66306282902025
189,271110_p_189_2022_06_02_dsm.tif,271110_p_189_Shadow_20240515_1000_LST.tif,36.59156792242458,107.33125886271691
189,271110_p_189_2022_06_02_dsm.tif,271110_p_189_Shadow_20241015_1000_LST.tif,14.845760280762757,126.85193699625412
189,271110_p_189_2022_06_02_dsm.tif,271110_p_189_Shadow_20240620_1630_LST.tif,47.02473049994435,244.1503308168106
189,271110_p_189_2022_06_02_dsm.tif,271110_p_189_Shadow_20240815_1700_LST.tif,35.39675013823852,243.69921154815563
189,271110_p_189_2022_06_02_dsm.tif,271110_p_189_Shadow_20240715_1330_LST.tif,58.8781541655047,172.5874928262364
189,271110_p_189_2022_06_02_dsm.tif,271110_p_189_Shadow_20240922_1700_LST.tif,22.198571982893668,238.0366201672397
189,271110_p_189_2022_06_02_dsm.tif,271110_p_189_Shadow_20240715_0730_LST.tif,14.467159672719676,73.44913004537672
189,271110_p_189_2022_06_02_dsm.tif,271110_p_189_Shadow_20241015_1430_LST.tif,27.336625497025015,197.84524160214144
189,271110_p_189_2022_06_02_dsm.tif,271110_p_189_Shadow_20240515_1430_LST.tif,55.11332323820064,202.36684151950712
189,271110_p_189_2022_06_02_dsm.tif,271110_p_189_Shadow_20240620_1200_LST.tif,55.15352759846945,136.25325743607976
189,271110_p_189_2022_06_02_dsm.tif,271110_p_189_Shadow_20240815_0730_LST.tif,8.825570233934194,78.5486791226421
189,271110_p_189_2022_06_02_dsm.tif,271110_p_189_Shadow_20241015_0900_LST.tif,7.032993163791567,114.04736626544337
189,271110_p_189_2022_06_02_dsm.tif,271110_p_189_Shadow_20240515_0900_LST.tif,27.612730996659078,94.35409275860238
189,271110_p_189_2022_06_02_dsm.tif,271110_p_189_Shadow_20240815_1330_LST.tif,51.33910441252126,174.25383043984613
189,271110_p_189_2022_06_02_dsm.tif,271110_p_189_Shadow_20240620_0600_LST.tif,4.408718071519839,56.13819960192794
189,271110_p_189_2022_06_02_dsm.tif,271110_p_189_Shadow_20240922_0730_LST.tif,0.16530824437500719,89.33613404889104
189,271110_p_189_2022_06_02_dsm.tif,271110_p_189_Shadow_20240715_1700_LST.tif,41.79353265079912,249.00523317750475
189,271110_p_189_2022_06_02_dsm.tif,271110_p_189_Shadow_20240922_1330_LST.tif,37.669098813269756,179.0833206421216
189,271110_p_189_2022_06_02_dsm.tif,271110_p_189_Shadow_20240815_1200_LST.tif,46.17382763866159,141.7658789260776
189,271110_p_189_2022_06_02_dsm.tif,271110_p_189_Shadow_20240515_0830_LST.tif,23.039922912447388,88.36361922117064
189,271110_p_189_2022_06_02_dsm.tif,271110_p_189_Shadow_20241015_0830_LST.tif,2.883514764779748,107.96205608517327
189,271110_p_189_2022_06_02_dsm.tif,271110_p_189_Shadow_20240620_0730_LST.tif,16.64843778125575,72.95348406319823
189,271110_p_189_2022_06_02_dsm.tif,271110_p_189_Shadow_20240620_1330_LST.tif,60.98709662507541,174.28655644814697
189,271110_p_189_2022_06_02_dsm.tif,271110_p_189_Shadow_20240515_1500_LST.tif,52.95774891689175,213.87863367684034
189,271110_p_189_2022_06_02_dsm.tif,271110_p_189_Shadow_20241015_1500_LST.tif,25.62487090885443,205.90171778691476
189,271110_p_189_2022_06_02_dsm.tif,271110_p_189_Shadow_20240922_1200_LST.tif,34.196335692841565,151.5257664634965
189,271110_p_189_2022_06_02_dsm.tif,271110_p_189_Shadow_20240515_2000_LST.tif,11.658326541157987,286.3459402216542
189,271110_p_189_2022_06_02_dsm.tif,271110_p_189_Shadow_20240715_1630_LST.tif,45.946838983845865,241.21373310532044
189,271110_p_189_2022_06_02_dsm.tif,271110_p_189_Shadow_20240815_1630_LST.tif,39.3590898992234,236.00385965881483
189,271110_p_189_2022_06_02_dsm.tif,271110_p_189_Shadow_20240515_1800_LST.tif,29.722416181666578,262.93103086127337
189,271110_p_189_2022_06_02_dsm.tif,271110_p_189_Shadow_20241015_1800_LST.tif,5.8272188662772715,247.49848821332347
189,271110_p_189_2022_06_02_dsm.tif,271110_p_189_Shadow_20240620_1700_LST.tif,42.7834853491325,251.80272058106905
189,271110_p_189_2022_06_02_dsm.tif,271110_p_189_Shadow_20241015_1130_LST.tif,24.057024716560655,148.34612094845147
189,271110_p_189_2022_06_02_dsm.tif,271110_p_189_Shadow_20240515_1130_LST.tif,48.55089187338401,131.41842430047436
189,271110_p_189_2022_06_02_dsm.tif,271110_p_189_Shadow_20240922_1630_LST.tif,25.926441131001464,230.91014712424362
189,271110_p_189_2022_06_02_dsm.tif,271110_p_189_Shadow_20240715_0600_LST.tif,2.2872319410851034,56.38121366518061
189,271110_p_189_2022_06_02_dsm.tif,271110_p_189_Shadow_20240715_1200_LST.tif,52.888258855530545,136.300965719791
189,271110_p_189_2022_06_02_dsm.tif,271110_p_189_Shadow_20240620_2200_LST.tif,0.37507016190210857,310.8468238235956
189,271110_p_189_2022_06_02_dsm.tif,271110_p_189_Shadow_20240922_1400_LST.tif,37.35678392665132,188.5341263589999
189,271110_p_189_2022_06_02_dsm.tif,271110_p_189_Shadow_20240815_2100_LST.tif,0.2927511250604824,293.1371343039927
189,271110_p_189_2022_06_02_dsm.tif,271110_p_189_Shadow_20240922_0930_LST.tif,17.48399031424389,113.87622073407115
189,271110_p_189_2022_06_02_dsm.tif,271110_p_189_Shadow_20240715_1030_LST.tif,41.41908543866591,110.25456711103828
189,271110_p_189_2022_06_02_dsm.tif,271110_p_189_Shadow_20240620_2030_LST.tif,11.545001839291707,293.67488965496744
189,271110_p_189_2022_06_02_dsm.tif,271110_p_189_Shadow_20240715_1900_LST.tif,23.796826943136157,274.6337721399002
189,271110_p_189_2022_06_02_dsm.tif,271110_p_189_Shadow_20240515_0700_LST.tif,9.614812892223748,71.18157482999024
189,271110_p_189_2022_06_02_dsm.tif,271110_p_189_Shadow_20240815_1400_LST.tif,51.325524821765455,185.92139266956676
189,271110_p_189_2022_06_02_dsm.tif,271110_p_189_Shadow_20240620_0800_LST.tif,21.072487475410664,78.51069636364228
189,271110_p_189_2022_06_02_dsm.tif,271110_p_189_Shadow_20240815_0930_LST.tif,26.92477010530509,102.58846947934904
189,271110_p_189_2022_06_02_dsm.tif,271110_p_189_Shadow_20240620_1530_LST.tif,54.524438173257096,225.80705692338287
189,271110_p_189_2022_06_02_dsm.tif,271110_p_189_Shadow_20240515_1300_LST.tif,55.920403400796346,164.38543406232847
189,271110_p_189_2022_06_02_dsm.tif,271110_p_189_Shadow_20241015_1300_LST.tif,28.62066729107669,172.67000638796483
189,271110_p_189_2022_06_02_dsm.tif,271110_p_189_Shadow_20240922_1900_LST.tif,5.102429612022975,263.44300503173844
189,271110_p_189_2022_06_02_dsm.tif,271110_p_189_Shadow_20240922_1030_LST.tif,25.31773442797616,127.62522975538272
189,271110_p_189_2022_06_02_dsm.tif,271110_p_189_Shadow_20240715_0930_LST.tif,32.539735076418914,96.73689932734595
189,271110_p_189_2022_06_02_dsm.tif,271110_p_189_Shadow_20240715_1400_LST.tif,58.926324318672656,186.12465353237695
189,271110_p_189_2022_06_02_dsm.tif,271110_p_189_Shadow_20240815_1030_LST.tif,35.52917873894842,116.35353692500041
189,271110_p_189_2022_06_02_dsm.tif,271110_p_189_Shadow_20240815_1900_LST.tif,17.690292297050586,269.746888532872
189,271110_p_189_2022_06_02_dsm.tif,271110_p_189_Shadow_20240620_1100_LST.tif,47.82285286974811,117.44583530664832
189,271110_p_189_2022_06_02_dsm.tif,271110_p_189_Shadow_20241015_1730_LST.tif,9.908907208329051,241.28966404095704
189,271110_p_189_2022_06_02_dsm.tif,271110_p_189_Shadow_20240515_1730_LST.tif,34.21799504064676,256.47434033888914
189,271110_p_189_2022_06_02_dsm.tif,271110_p_189_Shadow_20240715_2100_LST.tif,6.38364814794939,297.2343652303359
189,271110_p_189_2022_06_02_dsm.tif,271110_p_189_Shadow_20240620_1830_LST.tif,29.261901495119755,271.1817152722854
189,271110_p_189_2022_06_02_dsm.tif,271110_p_189_Shadow_20240620_1230_LST.tif,57.97721835171477,147.6570689400833
189,271110_p_189_2022_06_02_dsm.tif,271110_p_189_Shadow_20240515_1400_LST.tif,56.38502522611609,189.9613784526399
189,271110_p_189_2022_06_02_dsm.tif,271110_p_189_Shadow_20241015_1400_LST.tif,28.427732085812014,189.55109876185477
189,271110_p_189_2022_06_02_dsm.tif,271110_p_189_Shadow_20240815_0700_LST.tif,4.472614147143782,72.73084082361073
189,271110_p_189_2022_06_02_dsm.tif,271110_p_189_Shadow_20240815_1300_LST.tif,50.43342367571616,162.78829755293395
189,271110_p_189_2022_06_02_dsm.tif,271110_p_189_Shadow_20240515_0930_LST.tif,32.14968921347763,100.63601356252558
189,271110_p_189_2022_06_02_dsm.tif,271110_p_189_Shadow_20241015_0930_LST.tif,11.058141252120183,120.32468360886187
189,271110_p_189_2022_06_02_dsm.tif,271110_p_189_Shadow_20240620_0630_LST.tif,8.258825611566133,61.823860857707444
189,271110_p_189_2022_06_02_dsm.tif,271110_p_189_Shadow_20240515_2100_LST.tif,3.333227535384102,297.81170416791076
189,271110_p_189_2022_06_02_dsm.tif,271110_p_189_Shadow_20240715_1730_LST.tif,37.427072329080765,256.0809941011489
189,271110_p_189_2022_06_02_dsm.tif,271110_p_189_Shadow_20240922_1300_LST.tif,37.22759945444993,169.64887477472217
189,271110_p_189_2022_06_02_dsm.tif,271110_p_189_Shadow_20240515_1900_LST.tif,20.603422844610826,274.9225505018209
189,271110_p_189_2022_06_02_dsm.tif,271110_p_189_Shadow_20240620_1600_LST.tif,50.98229073540265,235.56388831470372
189,271110_p_189_2022_06_02_dsm.tif,271110_p_189_Shadow_20241015_1030_LST.tif,18.32156186173029,133.67800378812007
189,271110_p_189_2022_06_02_dsm.tif,271110_p_189_Shadow_20240515_1030_LST.tif,40.867584669312606,114.5830027401432
189,271110_p_189_2022_06_02_dsm.tif,271110_p_189_Shadow_20240815_1730_LST.tif,31.17283709999045,250.80008849412016
189,271110_p_189_2022_06_02_dsm.tif,271110_p_189_Shadow_20240715_1300_LST.tif,57.77289102545512,159.43961186342548
189,271110_p_189_2022_06_02_dsm.tif,271110_p_189_Shadow_20240922_1730_LST.tif,18.180314691501074,244.78044211837573
189,271110_p_189_2022_06_02_dsm.tif,271110_p_189_Shadow_20240715_0700_LST.tif,10.17636806203192,67.83428969033362
189,271110_p_189_2022_06_02_dsm.tif,271110_p_189_Shadow_20240922_0830_LST.tif,8.826852862075208,101.31550186231287
189,271110_p_189_2022_06_02_dsm.tif,271110_p_189_Shadow_20240715_1130_LST.tif,49.45909825118036,126.59035008283985
189,271110_p_189_2022_06_02_dsm.tif,271110_p_189_Shadow_20240620_2130_LST.tif,3.6973985283455804,304.98806021832144
189,271110_p_189_2022_06_02_dsm.tif,271110_p_189_Shadow_20240715_1800_LST.tif,32.92980196308129,262.6167525316652
189,271110_p_189_2022_06_02_dsm.tif,271110_p_189_Shadow_20240922_1500_LST.tif,34.56031661033232,206.77115664322315
189,271110_p_189_2022_06_02_dsm.tif,271110_p_189_Shadow_20240815_2000_LST.tif,8.630507685316228,281.43696973893236
189,271110_p_189_2022_06_02_dsm.tif,271110_p_189_Shadow_20240815_0830_LST.tif,17.86620882574441,90.25219676850723
189,271110_p_189_2022_06_02_dsm.tif,271110_p_189_Shadow_20240620_1430_LST.tif,59.66562121823998,202.14782177036062
189,271110_p_189_2022_06_02_dsm.tif,271110_p_189_Shadow_20240515_1200_LST.tif,51.714831400345616,141.3261353434327
189,271110_p_189_2022_06_02_dsm.tif,271110_p_189_Shadow_20241015_1200_LST.tif,26.177923294311288,156.19013904473618
189,271110_p_189_2022_06_02_dsm.tif,271110_p_189_Shadow_20240515_0600_LST.tif,1.5362583488449468,59.64091329786454
189,271110_p_189_2022_06_02_dsm.tif,271110_p_189_Shadow_20240815_1500_LST.tif,48.610124319247404,208.25985922717396
189,271110_p_189_2022_06_02_dsm.tif,271110_p_189_Shadow_20240620_0900_LST.tif,30.154016843386668,89.97316132406216
189,271110_p_189_2022_06_02_dsm.tif,271110_p_189_Shadow_20240715_1500_LST.tif,55.93675808812379,211.62413331832556
189,271110_p_189_2022_06_02_dsm.tif,271110_p_189_Shadow_20240922_1800_LST.tif,13.943436800448014,251.21219708539127
189,271110_p_189_2022_06_02_dsm.tif,271110_p_189_Shadow_20240922_1130_LST.tif,31.731478786832415,143.08039773998786
189,271110_p_189_2022_06_02_dsm.tif,271110_p_189_Shadow_20240715_0830_LST.tif,23.415496365187778,84.76469563524573
189,271110_p_189_2022_06_02_dsm.tif,271110_p_189_Shadow_20240620_1000_LST.tif,39.23314712365991,102.56763720007528
189,271110_p_189_2022_06_02_dsm.tif,271110_p_189_Shadow_20241015_1630_LST.tif,17.352895990631087,228.11413434856237
189,271110_p_189_2022_06_02_dsm.tif,271110_p_189_Shadow_20240515_1630_LST.tif,42.75674310058007,241.9808429243115
189,271110_p_189_2022_06_02_dsm.tif,271110_p_189_Shadow_20240715_2000_LST.tif,14.819855526495704,285.96043465217076
189,271110_p_189_2022_06_02_dsm.tif,271110_p_189_Shadow_20240620_1930_LST.tif,20.201070795801375,282.57959023866727
189,271110_p_189_2022_06_02_dsm.tif,271110_p_189_Shadow_20240815_1130_LST.tif,43.06499726229688,132.5065954993087
189,271110_p_189_2022_06_02_dsm.tif,271110_p_189_Shadow_20240815_1800_LST.tif,26.769303239363254,257.4323686321537
175,271110_p_175_2022_06_02_dsm.tif,271110_p_175_Shadow_20240922_1300_LST.tif,37.2259419666426,169.63241670616023
175,271110_p_175_2022_06_02_dsm.tif,271110_p_175_Shadow_20240515_2100_LST.tif,3.3401525872837428,297.8014367525152
175,271110_p_175_2022_06_02_dsm.tif,271110_p_175_Shadow_20240715_1730_LST.tif,37.43484516844552,256.06888985799674
175,271110_p_175_2022_06_02_dsm.tif,271110_p_175_Shadow_20240620_0630_LST.tif,8.251895195539516,61.81397091510128
175,271110_p_175_2022_06_02_dsm.tif,271110_p_175_Shadow_20240815_1300_LST.tif,50.430834422727514,162.76859063958216
175,271110_p_175_2022_06_02_dsm.tif,271110_p_175_Shadow_20241015_0930_LST.tif,11.05111996774032,120.31346694838231
175,271110_p_175_2022_06_02_dsm.tif,271110_p_175_Shadow_20240515_0930_LST.tif,32.14172979649292,100.6247475894794
175,271110_p_175_2022_06_02_dsm.tif,271110_p_175_Shadow_20240815_0700_LST.tif,4.465198018604976,72.72057351813926
175,271110_p_175_2022_06_02_dsm.tif,271110_p_175_Shadow_20240620_1230_LST.tif,57.97272440158531,147.63589670568086
175,271110_p_175_2022_06_02_dsm.tif,271110_p_175_Shadow_20241015_1400_LST.tif,28.428859430092796,189.5363162114483
175,271110_p_175_2022_06_02_dsm.tif,271110_p_175_Shadow_20240515_1400_LST.tif,56.386210172973094,189.9389133325543
175,271110_p_175_2022_06_02_dsm.tif,271110_p_175_Shadow_20240715_0700_LST.tif,10.169036784697877,67.82440376398579
175,271110_p_175_2022_06_02_dsm.tif,271110_p_175_Shadow_20240922_1730_LST.tif,18.187501644747126,244.76879098450414
175,271110_p_175_2022_06_02_dsm.tif,271110_p_175_Shadow_20240715_1300_LST.tif,57.76985955875951,159.4172921347912
175,271110_p_175_2022_06_02_dsm.tif,271110_p_175_Shadow_20240815_1730_LST.tif,31.180377307118203,250.78790133042895
175,271110_p_175_2022_06_02_dsm.tif,271110_p_175_Shadow_20240620_1600_LST.tif,50.988820530205885,235.54758169773808
175,271110_p_175_2022_06_02_dsm.tif,271110_p_175_Shadow_20240515_1030_LST.tif,40.86016553596543,114.5698061256373
175,271110_p_175_2022_06_02_dsm.tif,271110_p_175_Shadow_20241015_1030_LST.tif,18.31559764844277,133.6657528800372
175,271110_p_175_2022_06_02_dsm.tif,271110_p_175_Shadow_20240515_1900_LST.tif,20.611460003881223,274.91226851039244
175,271110_p_175_2022_06_02_dsm.tif,271110_p_175_Shadow_20240815_1500_LST.tif,48.613754327574696,208.24122361225744
175,271110_p_175_2022_06_02_dsm.tif,271110_p_175_Shadow_20240620_0900_LST.tif,30.145959217034978,89.96282442694299
175,271110_p_175_2022_06_02_dsm.tif,271110_p_175_Shadow_20240515_0600_LST.tif,1.530014907099082,59.63053995738892
175,271110_p_175_2022_06_02_dsm.tif,271110_p_175_Shadow_20240815_0830_LST.tif,17.858164745490157,90.24179127604432
175,271110_p_175_2022_06_02_dsm.tif,271110_p_175_Shadow_20240620_1430_LST.tif,59.66846377819301,202.12445746012105
175,271110_p_175_2022_06_02_dsm.tif,271110_p_175_Shadow_20241015_1200_LST.tif,26.174477199847825,156.17609621856394
175,271110_p_175_2022_06_02_dsm.tif,271110_p_175_Shadow_20240515_1200_LST.tif,51.709626700502014,141.30786698193762
175,271110_p_175_2022_06_02_dsm.tif,271110_p_175_Shadow_20240922_1500_LST.tif,34.563757137136825,206.75567115555396
175,271110_p_175_2022_06_02_dsm.tif,271110_p_175_Shadow_20240815_2000_LST.tif,8.63837205184253,281.42671621466457
175,271110_p_175_2022_06_02_dsm.tif,271110_p_175_Shadow_20240715_1800_LST.tif,32.937766917397546,262.60548300040114
175,271110_p_175_2022_06_02_dsm.tif,271110_p_175_Shadow_20240922_0830_LST.tif,8.818982588357812,101.30482858277114
175,271110_p_175_2022_06_02_dsm.tif,271110_p_175_Shadow_20240715_1130_LST.tif,49.45249766212067,126.5744687017243
175,271110_p_175_2022_06_02_dsm.tif,271110_p_175_Shadow_20240620_2130_LST.tif,3.7038760900133556,304.9778700915676
175,271110_p_175_2022_06_02_dsm.tif,271110_p_175_Shadow_20240815_1800_LST.tif,26.77711961093752,257.42091739670445
175,271110_p_175_2022_06_02_dsm.tif,271110_p_175_Shadow_20240815_1130_LST.tif,43.058910391662295,132.49118885246023
175,271110_p_175_2022_06_02_dsm.tif,271110_p_175_Shadow_20240620_1930_LST.tif,20.208971741176313,282.56969694012986
175,271110_p_175_2022_06_02_dsm.tif,271110_p_175_Shadow_20240620_1000_LST.tif,39.22523299080891,102.55591199564637
175,271110_p_175_2022_06_02_dsm.tif,271110_p_175_Shadow_20240515_1630_LST.tif,42.763760194197225,241.96670492507974
175,271110_p_175_2022_06_02_dsm.tif,271110_p_175_Shadow_20241015_1630_LST.tif,17.358741567182285,228.10194465254818
175,271110_p_175_2022_06_02_dsm.tif,271110_p_175_Shadow_20240715_2000_LST.tif,14.827637692863513,285.95050312654564
175,271110_p_175_2022_06_02_dsm.tif,271110_p_175_Shadow_20240922_1130_LST.tif,31.726468269290308,143.0660305942067
175,271110_p_175_2022_06_02_dsm.tif,271110_p_175_Shadow_20240715_0830_LST.tif,23.407496854213232,84.75464286915101
175,271110_p_175_2022_06_02_dsm.tif,271110_p_175_Shadow_20240922_1800_LST.tif,13.950970664699732,251.2010428479901
175,271110_p_175_2022_06_02_dsm.tif,271110_p_175_Shadow_20240715_1500_LST.tif,55.94080477137721,211.60334958016318
175,271110_p_175_2022_06_02_dsm.tif,271110_p_175_Shadow_20240515_2000_LST.tif,11.666077828933027,286.3359016088195
175,271110_p_175_2022_06_02_dsm.tif,271110_p_175_Shadow_20240715_1630_LST.tif,45.953802692987686,241.19906474009537
175,271110_p_175_2022_06_02_dsm.tif,271110_p_175_Shadow_20240922_1200_LST.tif,34.19230640024577,151.5105591254129
175,271110_p_175_2022_06_02_dsm.tif,271110_p_175_Shadow_20240620_1330_LST.tif,60.98608158575531,174.26166489010527
175,271110_p_175_2022_06_02_dsm.tif,271110_p_175_Shadow_20241015_1500_LST.tif,25.62819839914117,205.88773520714358
175,271110_p_175_2022_06_02_dsm.tif,271110_p_175_Shadow_20240515_1500_LST.tif,52.96206689401361,213.85914323175749
175,271110_p_175_2022_06_02_dsm.tif,271110_p_175_Shadow_20240620_0730_LST.tif,16.640813040794967,72.94378685158873
175,271110_p_175_2022_06_02_dsm.tif,271110_p_175_Shadow_20240815_1200_LST.tif,46.1686709129521,141.7489562766165
175,271110_p_175_2022_06_02_dsm.tif,271110_p_175_Shadow_20241015_0830_LST.tif,2.876167251413009,107.9514883179936
175,271110_p_175_2022_06_02_dsm.tif,271110_p_175_Shadow_20240515_0830_LST.tif,23.03188024031563,88.35334478352583
175,271110_p_175_2022_06_02_dsm.tif,271110_p_175_Shadow_20240715_1200_LST.tif,52.882534336079544,136.28299358654613
175,271110_p_175_2022_06_02_dsm.tif,271110_p_175_Shadow_20240620_2200_LST.tif,0.3803831630265571,310.83635145688146
175,271110_p_175_2022_06_02_dsm.tif,271110_p_175_Shadow_20240715_0600_LST.tif,2.2810555315786307,56.370914223674475
175,271110_p_175_2022_06_02_dsm.tif,271110_p_175_Shadow_20240922_1630_LST.tif,25.932559139906086,230.8971351473126
175,271110_p_175_2022_06_02_dsm.tif,271110_p_175_Shadow_20240620_1700_LST.tif,42.791077671328516,251.78974109278408
175,271110_p_175_2022_06_02_dsm.tif,271110_p_175_Shadow_20240515_1130_LST.tif,48.544704923657086,131.40210335268182
175,271110_p_175_2022_06_02_dsm.tif,271110_p_175_Shadow_20241015_1130_LST.tif,24.05261790332374,148.3326482345032
175,271110_p_175_2022_06_02_dsm.tif,271110_p_175_Shadow_20241015_1800_LST.tif,5.834443239570441,247.4876987526153
175,271110_p_175_2022_06_02_dsm.tif,271110_p_175_Shadow_20240515_1800_LST.tif,29.730386310888356,262.9198820806608
175,271110_p_175_2022_06_02_dsm.tif,271110_p_175_Shadow_20240815_1630_LST.tif,39.36565434246178,235.98955532914644
175,271110_p_175_2022_06_02_dsm.tif,271110_p_175_Shadow_20240815_0930_LST.tif,26.91686186622022,102.57722072560958
175,271110_p_175_2022_06_02_dsm.tif,271110_p_175_Shadow_20240620_1530_LST.tif,54.530071233785435,225.78849227229205
175,271110_p_175_2022_06_02_dsm.tif,271110_p_175_Shadow_20241015_1300_LST.tif,28.619428687356045,172.6551981821146
175,271110_p_175_2022_06_02_dsm.tif,271110_p_175_Shadow_20240515_1300_LST.tif,55.91802775912849,164.3635778235601
175,271110_p_175_2022_06_02_dsm.tif,271110_p_175_Shadow_20240815_1400_LST.tif,51.32614479111319,185.900882763375
175,271110_p_175_2022_06_02_dsm.tif,271110_p_175_Shadow_20240620_0800_LST.tif,21.06464157995435,78.50093172392945
175,271110_p_175_2022_06_02_dsm.tif,271110_p_175_Shadow_20240515_0700_LST.tif,9.607312713434915,71.1715826182687
175,271110_p_175_2022_06_02_dsm.tif,271110_p_175_Shadow_20240715_1900_LST.tif,23.804870620044458,274.62350357920116
175,271110_p_175_2022_06_02_dsm.tif,271110_p_175_Shadow_20240922_0930_LST.tif,17.476550569782177,113.86479425350372
175,271110_p_175_2022_06_02_dsm.tif,271110_p_175_Shadow_20240715_1030_LST.tif,41.411448827625705,110.24181870641088
175,271110_p_175_2022_06_02_dsm.tif,271110_p_175_Shadow_20240620_2030_LST.tif,11.552427024117733,293.6650452892462
175,271110_p_175_2022_06_02_dsm.tif,271110_p_175_Shadow_20240922_1400_LST.tif,37.35776980801483,188.51755459221135
175,271110_p_175_2022_06_02_dsm.tif,271110_p_175_Shadow_20240815_2100_LST.tif,0.2991032504773726,293.1266611357802
175,271110_p_175_2022_06_02_dsm.tif,271110_p_175_Shadow_20240620_1830_LST.tif,29.269961387033348,271.17122723035243
175,271110_p_175_2022_06_02_dsm.tif,271110_p_175_Shadow_20240620_1100_LST.tif,47.81559971657646,117.43147994029329
175,271110_p_175_2022_06_02_dsm.tif,271110_p_175_Shadow_20240515_1730_LST.tif,34.22578141064774,256.46245549901863
175,271110_p_175_2022_06_02_dsm.tif,271110_p_175_Shadow_20241015_1730_LST.tif,9.915821716714337,241.27849838317707
175,271110_p_175_2022_06_02_dsm.tif,271110_p_175_Shadow_20240715_2100_LST.tif,6.390791905975632,297.22428691700725
175,271110_p_175_2022_06_02_dsm.tif,271110_p_175_Shadow_20240815_1900_LST.tif,17.698334099071943,269.7363473181443
175,271110_p_175_2022_06_02_dsm.tif,271110_p_175_Shadow_20240815_1030_LST.tif,35.521862126373605,116.34065586853133
175,271110_p_175_2022_06_02_dsm.tif,271110_p_175_Shadow_20240715_1400_LST.tif,58.92697263852204,186.1008481738028
175,271110_p_175_2022_06_02_dsm.tif,271110_p_175_Shadow_20240922_1030_LST.tif,25.31122568639092,127.61252097137746
175,271110_p_175_2022_06_02_dsm.tif,271110_p_175_Shadow_20240715_0930_LST.tif,32.53170695149773,96.72596832376841
175,271110_p_175_2022_06_02_dsm.tif,271110_p_175_Shadow_20240922_1900_LST.tif,5.110225373840526,263.43244466638345
175,271110_p_175_2022_06_02_dsm.tif,271110_p_175_Shadow_20240815_1830_LST.tif,22.263128173225837,263.70209328225246
175,271110_p_175_2022_06_02_dsm.tif,271110_p_175_Shadow_20240815_1100_LST.tif,39.471205554623744,124.05514988944513
175,271110_p_175_2022_06_02_dsm.tif,271110_p_175_Shadow_20240620_1900_LST.tif,24.71091672739356,276.94815028928633
175,271110_p_175_2022_06_02_dsm.tif,271110_p_175_Shadow_20241015_1600_LST.tif,20.57122780875508,221.0434187094991
175,271110_p_175_2022_06_02_dsm.tif,271110_p_175_Shadow_20240515_1600_LST.tif,46.631786719246584,233.60568552786043
175,271110_p_175_2022_06_02_dsm.tif,271110_p_175_Shadow_20240715_2030_LST.tif,10.514704719687636,291.561493783514
175,271110_p_175_2022_06_02_dsm.tif,271110_p_175_Shadow_20240620_1030_LST.tif,43.62046578031175,109.61650841122876
175,271110_p_175_2022_06_02_dsm.tif,271110_p_175_Shadow_20240922_1100_LST.tif,28.737127075686374,135.10278715715432
175,271110_p_175_2022_06_02_dsm.tif,271110_p_175_Shadow_20240715_0800_LST.tif,18.888168690060372,79.05888609598185
175,271110_p_175_2022_06_02_dsm.tif,271110_p_175_Shadow_20240922_1830_LST.tif,9.564666670884856,257.396649885133
175,271110_p_175_2022_06_02_dsm.tif,271110_p_175_Shadow_20240715_1530_LST.tif,53.17172453511244,222.67194357746385
175,271110_p_175_2022_06_02_dsm.tif,271110_p_175_Shadow_20240815_1530_LST.tif,46.09349793394607,218.33750714864453
175,271110_p_175_2022_06_02_dsm.tif,271110_p_175_Shadow_20240620_0930_LST.tif,34.71202035423244,96.05718695512138
175,271110_p_175_2022_06_02_dsm.tif,271110_p_175_Shadow_20240515_0630_LST.tif,5.4097363071368045,65.45134944329568
175,271110_p_175_2022_06_02_dsm.tif,271110_p_175_Shadow_20240515_1230_LST.tif,54.22172927736144,152.32752220245504
175,271110_p_175_2022_06_02_dsm.tif,271110_p_175_Shadow_20241015_1230_LST.tif,27.713426794728072,164.30999052918676
175,271110_p_175_2022_06_02_dsm.tif,271110_p_175_Shadow_20240815_0800_LST.tif,13.307611972971912,84.35398041283817
175,271110_p_175_2022_06_02_dsm.tif,271110_p_175_Shadow_20240620_1400_LST.tif,60.87779973143379,188.4435445638591
175,271110_p_175_2022_06_02_dsm.tif,271110_p_175_Shadow_20240815_2030_LST.tif,4.278554936854209,287.24068954355874
175,271110_p_175_2022_06_02_dsm.tif,271110_p_175_Shadow_20240922_1530_LST.tif,32.19731753176353,215.2814827890971
175,271110_p_175_2022_06_02_dsm.tif,271110_p_175_Shadow_20240715_1830_LST.tif,28.375966131934213,268.7495867350586
175,271110_p_175_2022_06_02_dsm.tif,271110_p_175_Shadow_20240620_2100_LST.tif,7.492904724672593,299.26797738217215
175,271110_p_175_2022_06_02_dsm.tif,271110_p_175_Shadow_20240922_0800_LST.tif,4.374713555550168,95.28093281819787
175,271110_p_175_2022_06_02_dsm.tif,271110_p_175_Shadow_20240715_1100_LST.tif,45.585331502371325,117.96051302952984
175,271110_p_175_2022_06_02_dsm.tif,271110_p_175_Shadow_20240715_0730_LST.tif,14.459520502189136,73.43931013005525
175,271110_p_175_2022_06_02_dsm.tif,271110_p_175_Shadow_20240922_1700_LST.tif,22.205290024222787,238.02434485383887
175,271110_p_175_2022_06_02_dsm.tif,271110_p_175_Shadow_20240715_1330_LST.tif,58.8769024032457,172.56383193509336
175,271110_p_175_2022_06_02_dsm.tif,271110_p_175_Shadow_20240815_1700_LST.tif,35.403881628205745,243.68607582872778
175,271110_p_175_2022_06_02_dsm.tif,271110_p_175_Shadow_20241015_1000_LST.tif,14.839204879648383,126.84024275302518
175,271110_p_175_2022_06_02_dsm.tif,271110_p_175_Shadow_20240515_1000_LST.tif,36.58381028005056,107.31916449477815
175,271110_p_175_2022_06_02_dsm.tif,271110_p_175_Shadow_20240620_1630_LST.tif,47.031893658627766,244.13588957861762
175,271110_p_175_2022_06_02_dsm.tif,271110_p_175_Shadow_20240515_1930_LST.tif,16.092571536845863,280.65296950495065
175,271110_p_175_2022_06_02_dsm.tif,271110_p_175_Shadow_20240922_1330_LST.tif,37.668757227985,179.0666385032968
175,271110_p_175_2022_06_02_dsm.tif,271110_p_175_Shadow_20240715_1700_LST.tif,41.80098301024545,248.99201122878856
175,271110_p_175_2022_06_02_dsm.tif,271110_p_175_Shadow_20240922_0730_LST.tif,0.15853430569413673,89.32566974675325
175,271110_p_175_2022_06_02_dsm.tif,271110_p_175_Shadow_20240620_0600_LST.tif,4.4023345654443835,56.128082632508224
175,271110_p_175_2022_06_02_dsm.tif,271110_p_175_Shadow_20240515_0900_LST.tif,27.604681983451815,94.3434211739092
175,271110_p_175_2022_06_02_dsm.tif,271110_p_175_Shadow_20241015_0900_LST.tif,7.025650931683533,114.03652912271687
175,271110_p_175_2022_06_02_dsm.tif,271110_p_175_Shadow_20240815_1330_LST.tif,51.33808521174416,174.23336693016358
175,271110_p_175_2022_06_02_dsm.tif,271110_p_175_Shadow_20240815_0730_LST.tif,8.817786671974359,78.53849447809091
175,271110_p_175_2022_06_02_dsm.tif,271110_p_175_Shadow_20240515_1430_LST.tif,55.116194646329895,202.345567789006
175,271110_p_175_2022_06_02_dsm.tif,271110_p_175_Shadow_20241015_1430_LST.tif,27.338892051731033,197.8307810815764
175,271110_p_175_2022_06_02_dsm.tif,271110_p_175_Shadow_20240620_1200_LST.tif,55.147798167186025,136.23464057983173
175,271110_p_175_2022_06_02_dsm.tif,271110_p_175_Shadow_20240620_1800_LST.tif,33.839646537392674,265.13895885201634
175,271110_p_175_2022_06_02_dsm.tif,271110_p_175_Shadow_20241015_1700_LST.tif,13.783488147157152,234.8338338487253
175,271110_p_175_2022_06_02_dsm.tif,271110_p_175_Shadow_20240515_1700_LST.tif,38.5961662192864,249.52903644067854
175,271110_p_175_2022_06_02_dsm.tif,271110_p_175_Shadow_20240715_2130_LST.tif,2.554587893650809,302.9927919129292
175,271110_p_175_2022_06_02_dsm.tif,271110_p_175_Shadow_20240620_1130_LST.tif,51.704177673319165,126.22594355612381
175,271110_p_175_2022_06_02_dsm.tif,271110_p_175_Shadow_20240620_0530_LST.tif,0.9604191651334104,50.300877636224754
175,271110_p_175_2022_06_02_dsm.tif,271110_p_175_Shadow_20240815_1930_LST.tif,13.137843987123212,275.6168623933302
175,271110_p_175_2022_06_02_dsm.tif,271110_p_175_Shadow_20240815_1000_LST.tif,31.309609925842114,109.2233438617108
175,271110_p_175_2022_06_02_dsm.tif,271110_p_175_Shadow_20240715_1430_LST.tif,57.91466449042613,199.31217380210452
175,271110_p_175_2022_06_02_dsm.tif,271110_p_175_Shadow_20240922_1000_LST.tif,21.5320437923547,120.55372587744858
175,271110_p_175_2022_06_02_dsm.tif,271110_p_175_Shadow_20240715_0900_LST.tif,27.97152344670876,90.6104282919405
175,271110_p_175_2022_06_02_dsm.tif,271110_p_175_Shadow_20240922_1930_LST.tif,0.8000236370254166,269.3850224029924
175,271110_p_175_2022_06_02_dsm.tif,271110_p_175_Shadow_20240515_1330_LST.tif,56.662182804283944,177.0815526694178
175,271110_p_175_2022_06_02_dsm.tif,271110_p_175_Shadow_20241015_1330_LST.tif,28.860835371942173,181.1046339358963
175,271110_p_175_2022_06_02_dsm.tif,271110_p_175_Shadow_20240815_0900_LST.tif,22.412986386591637,96.2850865430411
175,271110_p_175_2022_06_02_dsm.tif,271110_p_175_Shadow_20240620_1500_LST.tif,57.48846469705053,214.6615519449853
175,271110_p_175_2022_06_02_dsm.tif,271110_p_175_Shadow_20240815_1430_LST.tif,50.39572634166065,197.3558637076433
175,271110_p_175_2022_06_02_dsm.tif,271110_p_175_Shadow_20240620_0830_LST.tif,25.581058433351867,84.14534698288594
175,271110_p_175_2022_06_02_dsm.tif,271110_p_175_Shadow_20240515_0730_LST.tif,13.983707879170504,76.84944303562982
175,271110_p_175_2022_06_02_dsm.tif,271110_p_175_Shadow_20240715_1930_LST.tif,19.273409683308554,280.3287255882903
175,271110_p_175_2022_06_02_dsm.tif,271110_p_175_Shadow_20240620_2000_LST.tif,15.80797040163828,288.11873513338656
175,271110_p_175_2022_06_02_dsm.tif,271110_p_175_Shadow_20240922_0900_LST.tif,13.215725847572726,107.47382923407451
175,271110_p_175_2022_06_02_dsm.tif,271110_p_175_Shadow_20240715_1000_LST.tif,37.033360077206154,103.22136293929333
175,271110_p_175_2022_06_02_dsm.tif,271110_p_175_Shadow_20240922_1430_LST.tif,36.30729388429645,197.7993298414554
175,271110_p_175_2022_06_02_dsm.tif,271110_p_175_Shadow_20240715_1230_LST.tif,55.71512838616121,147.23256269637685
175,271110_p_175_2022_06_02_dsm.tif,271110_p_175_Shadow_20240715_0630_LST.tif,6.074302829376403,62.152582709524324
175,271110_p_175_2022_06_02_dsm.tif,271110_p_175_Shadow_20240922_1600_LST.tif,29.291268012216175,223.32836593444767
175,271110_p_175_2022_06_02_dsm.tif,271110_p_175_Shadow_20241015_1100_LST.tif,21.41014827527267,140.8249955841865
175,271110_p_175_2022_06_02_dsm.tif,271110_p_175_Shadow_20240515_1100_LST.tif,44.88348287361559,122.53993381131832
175,271110_p_175_2022_06_02_dsm.tif,271110_p_175_Shadow_20240620_1730_LST.tif,38.36755009769892,258.7288884659313
175,271110_p_175_2022_06_02_dsm.tif,271110_p_175_Shadow_20240515_1830_LST.tif,25.173987217019235,269.0327276098212
175,271110_p_175_2022_06_02_dsm.tif,271110_p_175_Shadow_20241015_1830_LST.tif,1.6926165785488714,253.52119840422796
175,271110_p_175_2022_06_02_dsm.tif,271110_p_175_Shadow_20240815_1600_LST.tif,42.967463758936745,227.57373635963967
175,271110_p_175_2022_06_02_dsm.tif,271110_p_175_Shadow_20240515_2030_LST.tif,7.386628572758107,292.03150657774756
175,271110_p_175_2022_06_02_dsm.tif,271110_p_175_Shadow_20240715_1600_LST.tif,49.788449681695226,232.49149571950076
175,271110_p_175_2022_06_02_dsm.tif,271110_p_175_Shadow_20240922_1230_LST.tif,36.04994104387145,160.3976422895497
175,271110_p_175_2022_06_02_dsm.tif,271110_p_175_Shadow_20240815_0630_LST.tif,0.4730107268051157,66.83246991174013
175,271110_p_175_2022_06_02_dsm.tif,271110_p_175_Shadow_20240515_1530_LST.tif,50.079730460303374,224.2777134392781
175,271110_p_175_2022_06_02_dsm.tif,271110_p_175_Shadow_20241015_1530_LST.tif,23.350804964721547,213.6372332664453
175,271110_p_175_2022_06_02_dsm.tif,271110_p_175_Shadow_20240620_1300_LST.tif,59.980656328641004,160.4245927479327
175,271110_p_175_2022_06_02_dsm.tif,271110_p_175_Shadow_20240620_0700_LST.tif,12.353661026135669,67.40186831966359
175,271110_p_175_2022_06_02_dsm.tif,271110_p_175_Shadow_20240515_0800_LST.tif,18.475319792408666,82.55135399619309
175,271110_p_175_2022_06_02_dsm.tif,271110_p_175_Shadow_20240815_1230_LST.tif,48.670139774399466,151.86611813269633
176,271110_p_176_2022_06_02_dsm.tif,271110_p_176_Shadow_20240620_1000_LST.tif,39.22368101359949,102.56266127891507
176,271110_p_176_2022_06_02_dsm.tif,271110_p_176_Shadow_20241015_1630_LST.tif,17.353201325833453,228.10038583424415
176,271110_p_176_2022_06_02_dsm.tif,271110_p_176_Shadow_20240515_1630_LST.tif,42.75977582293698,241.9604721159956
176,271110_p_176_2022_06_02_dsm.tif,271110_p_176_Shadow_20240715_2000_LST.tif,14.829649358325861,285.94871078313315
176,271110_p_176_2022_06_02_dsm.tif,271110_p_176_Shadow_20240620_1930_LST.tif,20.210522548756735,282.5670540289375
176,271110_p_176_2022_06_02_dsm.tif,271110_p_176_Shadow_20240815_1130_LST.tif,43.05360588599303,132.49716277014872
176,271110_p_176_2022_06_02_dsm.tif,271110_p_176_Shadow_20240815_1800_LST.tif,26.775155521851254,257.41723593085294
176,271110_p_176_2022_06_02_dsm.tif,271110_p_176_Shadow_20240715_1500_LST.tif,55.93380954408479,211.59762233249018
176,271110_p_176_2022_06_02_dsm.tif,271110_p_176_Shadow_20240922_1800_LST.tif,13.94817817414711,251.19943985619364
176,271110_p_176_2022_06_02_dsm.tif,271110_p_176_Shadow_20240922_1130_LST.tif,31.720136826364246,143.06940833771915
176,271110_p_176_2022_06_02_dsm.tif,271110_p_176_Shadow_20240715_0830_LST.tif,23.408443783821795,84.758387715126
176,271110_p_176_2022_06_02_dsm.tif,271110_p_176_Shadow_20240815_0830_LST.tif,17.85834032355366,90.24466242509011
176,271110_p_176_2022_06_02_dsm.tif,271110_p_176_Shadow_20240620_1430_LST.tif,59.660895776112106,202.11986099983483
176,271110_p_176_2022_06_02_dsm.tif,271110_p_176_Shadow_20240515_1200_LST.tif,51.703448747413056,141.31474739292233
176,271110_p_176_2022_06_02_dsm.tif,271110_p_176_Shadow_20241015_1200_LST.tif,26.16717469271676,156.17806660991866
176,271110_p_176_2022_06_02_dsm.tif,271110_p_176_Shadow_20240515_0600_LST.tif,1.5339047957169838,59.6309562764565
176,271110_p_176_2022_06_02_dsm.tif,271110_p_176_Shadow_20240815_1500_LST.tif,48.60653391910876,208.23736707921424
176,271110_p_176_2022_06_02_dsm.tif,271110_p_176_Shadow_20240620_0900_LST.tif,30.14617432761887,89.96778879086513
176,271110_p_176_2022_06_02_dsm.tif,271110_p_176_Shadow_20240922_0830_LST.tif,8.817617631721768,101.30632417190152
176,271110_p_176_2022_06_02_dsm.tif,271110_p_176_Shadow_20240715_1130_LST.tif,49.4478497246569,126.58247492337867
176,271110_p_176_2022_06_02_dsm.tif,271110_p_176_Shadow_20240620_2130_LST.tif,3.7081720617237446,304.9777297633736
176,271110_p_176_2022_06_02_dsm.tif,271110_p_176_Shadow_20240715_1800_LST.tif,32.93651836620229,262.60058267051943
176,271110_p_176_2022_06_02_dsm.tif,271110_p_176_Shadow_20240922_1500_LST.tif,34.55644757380144,206.75356778286704
176,271110_p_176_2022_06_02_dsm.tif,271110_p_176_Shadow_20240815_2000_LST.tif,8.639753112691979,281.4257926965697
176,271110_p_176_2022_06_02_dsm.tif,271110_p_176_Shadow_20240715_1300_LST.tif,57.762365597926006,159.42238389112484
176,271110_p_176_2022_06_02_dsm.tif,271110_p_176_Shadow_20240922_1730_LST.tif,18.183874164453286,244.76669687110822
176,271110_p_176_2022_06_02_dsm.tif,271110_p_176_Shadow_20240715_0700_LST.tif,10.172257896433086,67.82599452615632
176,271110_p_176_2022_06_02_dsm.tif,271110_p_176_Shadow_20240515_1900_LST.tif,20.611941609168785,274.909510932654
176,271110_p_176_2022_06_02_dsm.tif,271110_p_176_Shadow_20240620_1600_LST.tif,50.9840738721271,235.53977462139164
176,271110_p_176_2022_06_02_dsm.tif,271110_p_176_Shadow_20241015_1030_LST.tif,18.310181118411457,133.66800455223301
176,271110_p_176_2022_06_02_dsm.tif,271110_p_176_Shadow_20240515_1030_LST.tif,40.856996019204075,114.57651210991672
176,271110_p_176_2022_06_02_dsm.tif,271110_p_176_Shadow_20240815_1730_LST.tif,31.177520230488916,250.78359978871742
176,271110_p_176_2022_06_02_dsm.tif,271110_p_176_Shadow_20240515_2100_LST.tif,3.34358542282757,297.80131369904916
176,271110_p_176_2022_06_02_dsm.tif,271110_p_176_Shadow_20240715_1730_LST.tif,37.43269528527231,256.06319756887126
176,271110_p_176_2022_06_02_dsm.tif,271110_p_176_Shadow_20240922_1300_LST.tif,37.21803090046519,169.6339514198973
176,271110_p_176_2022_06_02_dsm.tif,271110_p_176_Shadow_20240620_1230_LST.tif,57.96600861880798,147.64336984569098
176,271110_p_176_2022_06_02_dsm.tif,271110_p_176_Shadow_20240515_1400_LST.tif,56.37821146903734,189.93739940575927
176,271110_p_176_2022_06_02_dsm.tif,271110_p_176_Shadow_20241015_1400_LST.tif,28.420859187774187,189.53597700971466
176,271110_p_176_2022_06_02_dsm.tif,271110_p_176_Shadow_20240815_0700_LST.tif,4.467724612524946,72.72142120316354
176,271110_p_176_2022_06_02_dsm.tif,271110_p_176_Shadow_20240815_1300_LST.tif,50.4231762825474,162.77200363356013
176,271110_p_176_2022_06_02_dsm.tif,271110_p_176_Shadow_20240515_0930_LST.tif,32.14044651184725,100.63003399071924
176,271110_p_176_2022_06_02_dsm.tif,271110_p_176_Shadow_20241015_0930_LST.tif,11.04724674051684,120.31511371003722
176,271110_p_176_2022_06_02_dsm.tif,271110_p_176_Shadow_20240620_0630_LST.tif,8.255854505186955,61.81525042436377
176,271110_p_176_2022_06_02_dsm.tif,271110_p_176_Shadow_20240815_1030_LST.tif,35.51846496053271,116.34616446367755
176,271110_p_176_2022_06_02_dsm.tif,271110_p_176_Shadow_20240815_1900_LST.tif,17.69808707201972,269.7340476011184
176,271110_p_176_2022_06_02_dsm.tif,271110_p_176_Shadow_20240620_1100_LST.tif,47.8120622477038,117.43977535459493
176,271110_p_176_2022_06_02_dsm.tif,271110_p_176_Shadow_20241015_1730_LST.tif,9.911784967174667,241.2775605052435
176,271110_p_176_2022_06_02_dsm.tif,271110_p_176_Shadow_20240515_1730_LST.tif,34.223685409808304,256.45741835492004
176,271110_p_176_2022_06_02_dsm.tif,271110_p_176_Shadow_20240715_2100_LST.tif,6.394243587915123,297.2237602045159
176,271110_p_176_2022_06_02_dsm.tif,271110_p_176_Shadow_20240620_1830_LST.tif,29.26991612486424,271.16697121102936
176,271110_p_176_2022_06_02_dsm.tif,271110_p_176_Shadow_20240922_1900_LST.tif,5.109118868733023,263.4320235843604
176,271110_p_176_2022_06_02_dsm.tif,271110_p_176_Shadow_20240922_1030_LST.tif,25.306463837384783,127.61587937281539
176,271110_p_176_2022_06_02_dsm.tif,271110_p_176_Shadow_20240715_0930_LST.tif,32.53096914899136,96.73137484248824
176,271110_p_176_2022_06_02_dsm.tif,271110_p_176_Shadow_20240715_1400_LST.tif,58.91891218678172,186.1000426694734
176,271110_p_176_2022_06_02_dsm.tif,271110_p_176_Shadow_20240515_0700_LST.tif,9.610096874421956,71.17312756692873
176,271110_p_176_2022_06_02_dsm.tif,271110_p_176_Shadow_20240815_1400_LST.tif,51.318082729090946,185.90037893743153
176,271110_p_176_2022_06_02_dsm.tif,271110_p_176_Shadow_20240620_0800_LST.tif,21.066455799492825,78.50423451927045
176,271110_p_176_2022_06_02_dsm.tif,271110_p_176_Shadow_20240815_0930_LST.tif,26.915308110104345,102.58151864281704
176,271110_p_176_2022_06_02_dsm.tif,271110_p_176_Shadow_20240620_1530_LST.tif,54.52428341666249,225.78084028778184
176,271110_p_176_2022_06_02_dsm.tif,271110_p_176_Shadow_20240515_1300_LST.tif,55.91029986880502,164.36736955408148
176,271110_p_176_2022_06_02_dsm.tif,271110_p_176_Shadow_20241015_1300_LST.tif,28.611444653632418,172.65614816546068
176,271110_p_176_2022_06_02_dsm.tif,271110_p_176_Shadow_20240922_1400_LST.tif,37.34974694148219,188.5170726751181
176,271110_p_176_2022_06_02_dsm.tif,271110_p_176_Shadow_20240815_2100_LST.tif,0.3016297833314973,293.126960766646
176,271110_p_176_2022_06_02_dsm.tif,271110_p_176_Shadow_20240922_0930_LST.tif,17.47348030995548,113.86741511035481
176,271110_p_176_2022_06_02_dsm.tif,271110_p_176_Shadow_20240715_1030_LST.tif,41.40884954963855,110.24884324783861
176,271110_p_176_2022_06_02_dsm.tif,271110_p_176_Shadow_20240620_2030_LST.tif,11.555460680772065,293.6637970171921
176,271110_p_176_2022_06_02_dsm.tif,271110_p_176_Shadow_20240715_1900_LST.tif,23.80531181243347,274.6202189382542
176,271110_p_176_2022_06_02_dsm.tif,271110_p_176_Shadow_20240922_1630_LST.tif,25.92730284947815,230.89442555412717
176,271110_p_176_2022_06_02_dsm.tif,271110_p_176_Shadow_20240715_0600_LST.tif,2.285410593186438,56.37141920984607
176,271110_p_176_2022_06_02_dsm.tif,271110_p_176_Shadow_20240715_1200_LST.tif,52.87683695052255,136.29084812737534
176,271110_p_176_2022_06_02_dsm.tif,271110_p_176_Shadow_20240620_2200_LST.tif,0.38475071599266314,310.8366359938906
176,271110_p_176_2022_06_02_dsm.tif,271110_p_176_Shadow_20240815_1630_LST.tif,39.36095955515992,235.98442937370902
176,271110_p_176_2022_06_02_dsm.tif,271110_p_176_Shadow_20240515_1800_LST.tif,29.72918185892018,262.91559178969413
176,271110_p_176_2022_06_02_dsm.tif,271110_p_176_Shadow_20241015_1800_LST.tif,5.831217995304744,247.4872351503691
176,271110_p_176_2022_06_02_dsm.tif,271110_p_176_Shadow_20240620_1700_LST.tif,42.78835186440241,251.78296814236455
176,271110_p_176_2022_06_02_dsm.tif,271110_p_176_Shadow_20241015_1130_LST.tif,24.045856691431975,148.33489243867126
176,271110_p_176_2022_06_02_dsm.tif,271110_p_176_Shadow_20240515_1130_LST.tif,48.53951675188645,131.40939653490918
176,271110_p_176_2022_06_02_dsm.tif,271110_p_176_Shadow_20240922_1200_LST.tif,34.18530518269268,151.51357566471032
176,271110_p_176_2022_06_02_dsm.tif,271110_p_176_Shadow_20240515_2000_LST.tif,11.668137384568885,286.3345705012174
176,271110_p_176_2022_06_02_dsm.tif,271110_p_176_Shadow_20240715_1630_LST.tif,45.949724123149586,241.19212042075046
176,271110_p_176_2022_06_02_dsm.tif,271110_p_176_Shadow_20240815_1200_LST.tif,46.162453546424615,141.75461290487004
176,271110_p_176_2022_06_02_dsm.tif,271110_p_176_Shadow_20240515_0830_LST.tif,23.03232190371963,88.35704568851699
176,271110_p_176_2022_06_02_dsm.tif,271110_p_176_Shadow_20241015_0830_LST.tif,2.8739910246221134,107.95211840716941
176,271110_p_176_2022_06_02_dsm.tif,271110_p_176_Shadow_20240620_0730_LST.tif,16.643377482743315,72.94634472953985
176,271110_p_176_2022_06_02_dsm.tif,271110_p_176_Shadow_20240620_1330_LST.tif,60.97805911003036,174.26377195822982
176,271110_p_176_2022_06_02_dsm.tif,271110_p_176_Shadow_20240515_1500_LST.tif,52.955236984293585,213.8536802401267
176,271110_p_176_2022_06_02_dsm.tif,271110_p_176_Shadow_20241015_1500_LST.tif,25.62084199529709,205.88640770994562
176,271110_p_176_2022_06_02_dsm.tif,271110_p_176_Shadow_20240922_0730_LST.tif,0.15879093871977445,89.32589024082449
176,271110_p_176_2022_06_02_dsm.tif,271110_p_176_Shadow_20240715_1700_LST.tif,41.79788902987323,248.98560595087605
176,271110_p_176_2022_06_02_dsm.tif,271110_p_176_Shadow_20240922_1330_LST.tif,37.66068078481458,179.06717529324266
176,271110_p_176_2022_06_02_dsm.tif,271110_p_176_Shadow_20241015_1430_LST.tif,27.331139336126864,197.82987904500428
176,271110_p_176_2022_06_02_dsm.tif,271110_p_176_Shadow_20240515_1430_LST.tif,55.10863800861461,202.34171243664127
176,271110_p_176_2022_06_02_dsm.tif,271110_p_176_Shadow_20240620_1200_LST.tif,55.142105457455486,136.24315976867825
176,271110_p_176_2022_06_02_dsm.tif,271110_p_176_Shadow_20240815_0730_LST.tif,8.819581188331133,78.53997672720237
176,271110_p_176_2022_06_02_dsm.tif,271110_p_176_Shadow_20241015_0900_LST.tif,7.02259520343984,114.03770668326527
176,271110_p_176_2022_06_02_dsm.tif,271110_p_176_Shadow_20240515_0900_LST.tif,27.604279573612956,94.34791352014051
176,271110_p_176_2022_06_02_dsm.tif,271110_p_176_Shadow_20240815_1330_LST.tif,51.33006396528286,174.2349162606409
176,271110_p_176_2022_06_02_dsm.tif,271110_p_176_Shadow_20240620_0600_LST.tif,4.4068763839341765,56.12884326371643
176,271110_p_176_2022_06_02_dsm.tif,271110_p_176_Shadow_20240715_1330_LST.tif,58.86891371249596,172.5661824936355
176,271110_p_176_2022_06_02_dsm.tif,271110_p_176_Shadow_20240922_1700_LST.tif,22.20083755654135,238.02186861003213
176,271110_p_176_2022_06_02_dsm.tif,271110_p_176_Shadow_20240715_0730_LST.tif,14.462016331501161,73.44155797855714
176,271110_p_176_2022_06_02_dsm.tif,271110_p_176_Shadow_20240515_1930_LST.tif,16.093855044922364,280.65094644295743
176,271110_p_176_2022_06_02_dsm.tif,271110_p_176_Shadow_20240515_1000_LST.tif,36.58160509575916,107.32520945218876
176,271110_p_176_2022_06_02_dsm.tif,271110_p_176_Shadow_20241015_1000_LST.tif,14.834543388879627,126.84225630115859
176,271110_p_176_2022_06_02_dsm.tif,271110_p_176_Shadow_20240620_1630_LST.tif,47.028178031101206,244.1284534274859
176,271110_p_176_2022_06_02_dsm.tif,271110_p_176_Shadow_20240815_1700_LST.tif,35.40011106373861,243.68126726264333
176,271110_p_176_2022_06_02_dsm.tif,271110_p_176_Shadow_20241015_1230_LST.tif,27.705707965449523,164.31151690426836
176,271110_p_176_2022_06_02_dsm.tif,271110_p_176_Shadow_20240515_1230_LST.tif,54.21466786052509,152.3332618977306
176,271110_p_176_2022_06_02_dsm.tif,271110_p_176_Shadow_20240815_0800_LST.tif,13.308611829955225,84.35614232353045
176,271110_p_176_2022_06_02_dsm.tif,271110_p_176_Shadow_20240620_1400_LST.tif,60.86977246700653,188.4420606957761
176,271110_p_176_2022_06_02_dsm.tif,271110_p_176_Shadow_20240515_0630_LST.tif,5.413208314603547,65.45229170167316
176,271110_p_176_2022_06_02_dsm.tif,271110_p_176_Shadow_20240815_1530_LST.tif,46.087027550719654,218.33274345620356
176,271110_p_176_2022_06_02_dsm.tif,271110_p_176_Shadow_20240620_0930_LST.tif,34.711376448126046,96.06304144987251
176,271110_p_176_2022_06_02_dsm.tif,271110_p_176_Shadow_20240620_2100_LST.tif,7.49662422300053,299.2673230875837
176,271110_p_176_2022_06_02_dsm.tif,271110_p_176_Shadow_20240922_0800_LST.tif,4.374194825238539,95.28179800573672
176,271110_p_176_2022_06_02_dsm.tif,271110_p_176_Shadow_20240715_1100_LST.tif,45.581727228191255,117.96817250156917
176,271110_p_176_2022_06_02_dsm.tif,271110_p_176_Shadow_20240715_1830_LST.tif,28.375579539203795,268.7455002358998
176,271110_p_176_2022_06_02_dsm.tif,271110_p_176_Shadow_20240815_2030_LST.tif,4.280682560006141,287.24040455140977
176,271110_p_176_2022_06_02_dsm.tif,271110_p_176_Shadow_20240922_1530_LST.tif,32.190600945535635,215.27892582647598
176,271110_p_176_2022_06_02_dsm.tif,271110_p_176_Shadow_20240515_1600_LST.tif,46.62682135927364,233.59920352963107
176,271110_p_176_2022_06_02_dsm.tif,271110_p_176_Shadow_20241015_1600_LST.tif,20.565004216536703,221.0417628718121
176,271110_p_176_2022_06_02_dsm.tif,271110_p_176_Shadow_20240715_2030_LST.tif,10.517459927044714,291.56036758489176
176,271110_p_176_2022_06_02_dsm.tif,271110_p_176_Shadow_20240620_1030_LST.tif,43.61795003949517,109.62410338703702
176,271110_p_176_2022_06_02_dsm.tif,271110_p_176_Shadow_20240620_1900_LST.tif,24.711684714367188,276.94472305920186
176,271110_p_176_2022_06_02_dsm.tif,271110_p_176_Shadow_20240815_1100_LST.tif,39.46685396330067,124.06103295353103
176,271110_p_176_2022_06_02_dsm.tif,271110_p_176_Shadow_20240815_1830_LST.tif,22.262033857451666,263.6990913376835
176,271110_p_176_2022_06_02_dsm.tif,271110_p_176_Shadow_20240715_1530_LST.tif,53.165638385904515,222.6651077912861
176,271110_p_176_2022_06_02_dsm.tif,271110_p_176_Shadow_20240922_1830_LST.tif,9.562714228950833,257.395613646142
176,271110_p_176_2022_06_02_dsm.tif,271110_p_176_Shadow_20240922_1100_LST.tif,28.73155357358225,135.1062675106112
176,271110_p_176_2022_06_02_dsm.tif,271110_p_176_Shadow_20240715_0800_LST.tif,18.8899054135601,79.06185511485957
176,271110_p_176_2022_06_02_dsm.tif,271110_p_176_Shadow_20240922_1230_LST.tif,36.04239937606617,160.40003226099384
176,271110_p_176_2022_06_02_dsm.tif,271110_p_176_Shadow_20240515_2030_LST.tif,7.389428059275318,292.03081270994744
176,271110_p_176_2022_06_02_dsm.tif,271110_p_176_Shadow_20240715_1600_LST.tif,49.783360890455874,232.48433650682466
176,271110_p_176_2022_06_02_dsm.tif,271110_p_176_Shadow_20240515_0800_LST.tif,18.476573170202716,82.55428986029916
176,271110_p_176_2022_06_02_dsm.tif,271110_p_176_Shadow_20240815_1230_LST.tif,48.66311083775268,151.87093501111215
176,271110_p_176_2022_06_02_dsm.tif,271110_p_176_Shadow_20240620_0700_LST.tif,12.35694391529565,67.40374942100036
176,271110_p_176_2022_06_02_dsm.tif,271110_p_176_Shadow_20241015_1530_LST.tif,23.343967552471902,213.63565140501163
176,271110_p_176_2022_06_02_dsm.tif,271110_p_176_Shadow_20240515_1530_LST.tif,50.073796147108965,224.271423002555
176,271110_p_176_2022_06_02_dsm.tif,271110_p_176_Shadow_20240620_1300_LST.tif,59.973109975144304,160.4298949827737
176,271110_p_176_2022_06_02_dsm.tif,271110_p_176_Shadow_20240815_0630_LST.tif,0.4759024633864081,66.8327429613204
176,271110_p_176_2022_06_02_dsm.tif,271110_p_176_Shadow_20240922_1600_LST.tif,29.285247835577195,223.32561567170262
176,271110_p_176_2022_06_02_dsm.tif,271110_p_176_Shadow_20240715_0630_LST.tif,6.078192189970871,62.1535893850085
176,271110_p_176_2022_06_02_dsm.tif,271110_p_176_Shadow_20240715_1230_LST.tif,55.708444632336345,147.23951105334623
176,271110_p_176_2022_06_02_dsm.tif,271110_p_176_Shadow_20240815_1600_LST.tif,42.96185580444992,227.56858519955182
176,271110_p_176_2022_06_02_dsm.tif,271110_p_176_Shadow_20241015_1830_LST.tif,1.6903276514006185,253.52128733330312
176,271110_p_176_2022_06_02_dsm.tif,271110_p_176_Shadow_20240515_1830_LST.tif,25.173640647174373,269.029207534014
176,271110_p_176_2022_06_02_dsm.tif,271110_p_176_Shadow_20240515_1100_LST.tif,44.879312340362475,122.54710476819508
176,271110_p_176_2022_06_02_dsm.tif,271110_p_176_Shadow_20241015_1100_LST.tif,21.404024620614866,140.82733093559355
176,271110_p_176_2022_06_02_dsm.tif,271110_p_176_Shadow_20240620_1730_LST.tif,38.36576409896332,258.7229198644929
176,271110_p_176_2022_06_02_dsm.tif,271110_p_176_Shadow_20240515_0730_LST.tif,13.985743189537027,76.85165618432293
176,271110_p_176_2022_06_02_dsm.tif,271110_p_176_Shadow_20240815_1430_LST.tif,50.387948419602374,197.353465482622
176,271110_p_176_2022_06_02_dsm.tif,271110_p_176_Shadow_20240620_0830_LST.tif,25.582090845850477,84.14945530320433
176,271110_p_176_2022_06_02_dsm.tif,271110_p_176_Shadow_20241015_1330_LST.tif,28.852755507816646,181.10493683012297
176,271110_p_176_2022_06_02_dsm.tif,271110_p_176_Shadow_20240515_1330_LST.tif,56.65412026353603,177.08277032344648
176,271110_p_176_2022_06_02_dsm.tif,271110_p_176_Shadow_20240815_0900_LST.tif,22.412311271231356,96.28867798759335
176,271110_p_176_2022_06_02_dsm.tif,271110_p_176_Shadow_20240620_1500_LST.tif,57.48169573194127,214.65488432546886
176,271110_p_176_2022_06_02_dsm.tif,271110_p_176_Shadow_20240922_1430_LST.tif,36.299535847918534,197.79793514536527
176,271110_p_176_2022_06_02_dsm.tif,271110_p_176_Shadow_20240620_2000_LST.tif,15.81027681582833,288.11682133467264
176,271110_p_176_2022_06_02_dsm.tif,271110_p_176_Shadow_20240922_0900_LST.tif,13.21350934066132,107.47591882954261
176,271110_p_176_2022_06_02_dsm.tif,271110_p_176_Shadow_20240715_1000_LST.tif,37.03171621028987,103.22760712916298
176,271110_p_176_2022_06_02_dsm.tif,271110_p_176_Shadow_20240715_1930_LST.tif,19.27464933936508,280.32621022791636
176,271110_p_176_2022_06_02_dsm.tif,271110_p_176_Shadow_20240815_1000_LST.tif,31.307148227540814,109.22829850565209
176,271110_p_176_2022_06_02_dsm.tif,271110_p_176_Shadow_20240620_0530_LST.tif,0.9651307731358524,50.30121029066899
176,271110_p_176_2022_06_02_dsm.tif,271110_p_176_Shadow_20240815_1930_LST.tif,13.138423043946826,275.6152619062519
176,271110_p_176_2022_06_02_dsm.tif,271110_p_176_Shadow_20240515_1700_LST.tif,38.59314269265718,249.52332545263548
176,271110_p_176_2022_06_02_dsm.tif,271110_p_176_Shadow_20241015_1700_LST.tif,13.778680888934987,234.83252262322156
176,271110_p_176_2022_06_02_dsm.tif,271110_p_176_Shadow_20240715_2130_LST.tif,2.558572297467463,302.9927878738347
176,271110_p_176_2022_06_02_dsm.tif,271110_p_176_Shadow_20240620_1130_LST.tif,51.699569893406284,126.23463083622559
176,271110_p_176_2022_06_02_dsm.tif,271110_p_176_Shadow_20240620_1800_LST.tif,33.838752116104736,265.1338461810421
176,271110_p_176_2022_06_02_dsm.tif,271110_p_176_Shadow_20240922_1930_LST.tif,0.7997634507168314,269.3852422178752
176,271110_p_176_2022_06_02_dsm.tif,271110_p_176_Shadow_20240922_1000_LST.tif,21.528121912018747,120.55678280106812
176,271110_p_176_2022_06_02_dsm.tif,271110_p_176_Shadow_20240715_0900_LST.tif,27.97164724513257,90.61499165693395
176,271110_p_176_2022_06_02_dsm.tif,271110_p_176_Shadow_20240715_1430_LST.tif,57.90696592032094,199.3084999928281
190,271110_p_190_2022_06_02_dsm.tif,271110_p_190_Shadow_20240922_1730_LST.tif,18.17668738172304,244.77835090097204
190,271110_p_190_2022_06_02_dsm.tif,271110_p_190_Shadow_20240715_0700_LST.tif,10.179589267810904,67.83588333730097
190,271110_p_190_2022_06_02_dsm.tif,271110_p_190_Shadow_20240715_1300_LST.tif,57.765396455704774,159.44470361440364
190,271110_p_190_2022_06_02_dsm.tif,271110_p_190_Shadow_20240815_1730_LST.tif,31.16998026378317,250.7957901817493
190,271110_p_190_2022_06_02_dsm.tif,271110_p_190_Shadow_20240515_1900_LST.tif,20.603904426059145,274.91979613541497
190,271110_p_190_2022_06_02_dsm.tif,271110_p_190_Shadow_20240515_1030_LST.tif,40.86441480258433,114.58971216712422
190,271110_p_190_2022_06_02_dsm.tif,271110_p_190_Shadow_20241015_1030_LST.tif,18.316145148678842,133.68025800003227
190,271110_p_190_2022_06_02_dsm.tif,271110_p_190_Shadow_20240620_1600_LST.tif,50.977544761928975,235.5560844522425
190,271110_p_190_2022_06_02_dsm.tif,271110_p_190_Shadow_20240922_1300_LST.tif,37.21968823573331,169.65041083726464
190,271110_p_190_2022_06_02_dsm.tif,271110_p_190_Shadow_20240715_1730_LST.tif,37.42492267946709,256.0753053671691
190,271110_p_190_2022_06_02_dsm.tif,271110_p_190_Shadow_20240515_2100_LST.tif,3.3366599603037437,297.81158394139385
190,271110_p_190_2022_06_02_dsm.tif,271110_p_190_Shadow_20241015_0930_LST.tif,11.054267909800956,120.32633317191241
190,271110_p_190_2022_06_02_dsm.tif,271110_p_190_Shadow_20240515_0930_LST.tif,32.148405816342766,100.64130339434297
190,271110_p_190_2022_06_02_dsm.tif,271110_p_190_Shadow_20240815_1300_LST.tif,50.42576513722109,162.7917112359301
190,271110_p_190_2022_06_02_dsm.tif,271110_p_190_Shadow_20240620_0630_LST.tif,8.262785040421074,61.825143144411285
190,271110_p_190_2022_06_02_dsm.tif,271110_p_190_Shadow_20241015_1400_LST.tif,28.41973195269802,189.5507611703795
190,271110_p_190_2022_06_02_dsm.tif,271110_p_190_Shadow_20240515_1400_LST.tif,56.37702679449995,189.9598639938934
190,271110_p_190_2022_06_02_dsm.tif,271110_p_190_Shadow_20240620_1230_LST.tif,57.970501743866535,147.6645432123526
190,271110_p_190_2022_06_02_dsm.tif,271110_p_190_Shadow_20240815_0700_LST.tif,4.475140929990731,72.73169144164781
190,271110_p_190_2022_06_02_dsm.tif,271110_p_190_Shadow_20240815_1130_LST.tif,43.059692241669985,132.51257209381959
190,271110_p_190_2022_06_02_dsm.tif,271110_p_190_Shadow_20240815_1800_LST.tif,26.767339296119985,257.42869041217875
190,271110_p_190_2022_06_02_dsm.tif,271110_p_190_Shadow_20240715_2000_LST.tif,14.82186710962134,285.95864536059923
190,271110_p_190_2022_06_02_dsm.tif,271110_p_190_Shadow_20240515_1630_LST.tif,42.752759195795804,241.9746134030026
190,271110_p_190_2022_06_02_dsm.tif,271110_p_190_Shadow_20241015_1630_LST.tif,17.34735595489574,228.11257805062885
190,271110_p_190_2022_06_02_dsm.tif,271110_p_190_Shadow_20240620_1000_LST.tif,39.231594971967965,102.57439017237854
190,271110_p_190_2022_06_02_dsm.tif,271110_p_190_Shadow_20240620_1930_LST.tif,20.20262152131293,282.5769504837053
190,271110_p_190_2022_06_02_dsm.tif,271110_p_190_Shadow_20240922_1800_LST.tif,13.940644425001905,251.2105970618765
190,271110_p_190_2022_06_02_dsm.tif,271110_p_190_Shadow_20240715_0830_LST.tif,23.416443346848617,84.76844371033015
190,271110_p_190_2022_06_02_dsm.tif,271110_p_190_Shadow_20240922_1130_LST.tif,31.72514701550596,143.0837777222133
190,271110_p_190_2022_06_02_dsm.tif,271110_p_190_Shadow_20240715_1500_LST.tif,55.929763613616096,211.61840704116958
190,271110_p_190_2022_06_02_dsm.tif,271110_p_190_Shadow_20240515_0600_LST.tif,1.5401493064035048,59.641332346743155
190,271110_p_190_2022_06_02_dsm.tif,271110_p_190_Shadow_20240620_0900_LST.tif,30.15423196747859,89.97812910439785
190,271110_p_190_2022_06_02_dsm.tif,271110_p_190_Shadow_20240815_1500_LST.tif,48.60290445248816,208.25600396939794
190,271110_p_190_2022_06_02_dsm.tif,271110_p_190_Shadow_20241015_1200_LST.tif,26.170620587968614,156.19211137200514
190,271110_p_190_2022_06_02_dsm.tif,271110_p_190_Shadow_20240515_1200_LST.tif,51.708652751323704,141.33301780859844
190,271110_p_190_2022_06_02_dsm.tif,271110_p_190_Shadow_20240620_1430_LST.tif,59.658053880835006,202.14322486891095
190,271110_p_190_2022_06_02_dsm.tif,271110_p_190_Shadow_20240815_0830_LST.tif,17.86638440806339,90.25507107465305
190,271110_p_190_2022_06_02_dsm.tif,271110_p_190_Shadow_20240815_2000_LST.tif,8.631888694379494,281.4360492620249
190,271110_p_190_2022_06_02_dsm.tif,271110_p_190_Shadow_20240922_1500_LST.tif,34.55300737285341,206.76905504756536
190,271110_p_190_2022_06_02_dsm.tif,271110_p_190_Shadow_20240620_2130_LST.tif,3.7016940892504238,304.9879225937716
190,271110_p_190_2022_06_02_dsm.tif,271110_p_190_Shadow_20240715_1130_LST.tif,49.45444969766629,126.59835947861656
190,271110_p_190_2022_06_02_dsm.tif,271110_p_190_Shadow_20240922_0830_LST.tif,8.825487855360146,101.31700048753939
190,271110_p_190_2022_06_02_dsm.tif,271110_p_190_Shadow_20240715_1800_LST.tif,32.928553532083185,262.61185569070153
190,271110_p_190_2022_06_02_dsm.tif,271110_p_190_Shadow_20240620_2200_LST.tif,0.3794361743948712,310.847110950137
190,271110_p_190_2022_06_02_dsm.tif,271110_p_190_Shadow_20240715_1200_LST.tif,52.88256073111321,136.3088227316557
190,271110_p_190_2022_06_02_dsm.tif,271110_p_190_Shadow_20240922_1630_LST.tif,25.921185134553753,230.90744014446977
190,271110_p_190_2022_06_02_dsm.tif,271110_p_190_Shadow_20240715_0600_LST.tif,2.2915877709136714,56.38172132157254
190,271110_p_190_2022_06_02_dsm.tif,271110_p_190_Shadow_20241015_1800_LST.tif,5.823993799356683,247.4980274794775
190,271110_p_190_2022_06_02_dsm.tif,271110_p_190_Shadow_20240515_1800_LST.tif,29.72121183315822,262.9267439592055
190,271110_p_190_2022_06_02_dsm.tif,271110_p_190_Shadow_20240515_1130_LST.tif,48.54570307890001,131.42572029612177
190,271110_p_190_2022_06_02_dsm.tif,271110_p_190_Shadow_20241015_1130_LST.tif,24.050263285941323,148.34836730377643
190,271110_p_190_2022_06_02_dsm.tif,271110_p_190_Shadow_20240620_1700_LST.tif,42.780759888309156,251.79595132057614
190,271110_p_190_2022_06_02_dsm.tif,271110_p_190_Shadow_20240815_1630_LST.tif,39.35439557046688,235.99873662919998
190,271110_p_190_2022_06_02_dsm.tif,271110_p_190_Shadow_20240715_1630_LST.tif,45.94276094179577,241.20679215914407
190,271110_p_190_2022_06_02_dsm.tif,271110_p_190_Shadow_20240515_2000_LST.tif,11.66038602162486,286.344612133121
190,271110_p_190_2022_06_02_dsm.tif,271110_p_190_Shadow_20240922_1200_LST.tif,34.18933415759226,151.5287849226572
190,271110_p_190_2022_06_02_dsm.tif,271110_p_190_Shadow_20241015_1500_LST.tif,25.617514735009507,205.9003922229614
190,271110_p_190_2022_06_02_dsm.tif,271110_p_190_Shadow_20240515_1500_LST.tif,52.95091971096888,213.8731720790162
190,271110_p_190_2022_06_02_dsm.tif,271110_p_190_Shadow_20240620_1330_LST.tif,60.979073915649664,174.28866184744365
190,271110_p_190_2022_06_02_dsm.tif,271110_p_190_Shadow_20241015_0830_LST.tif,2.8813382008515003,107.96268913135711
190,271110_p_190_2022_06_02_dsm.tif,271110_p_190_Shadow_20240515_0830_LST.tif,23.04036459788988,88.36732336460335
190,271110_p_190_2022_06_02_dsm.tif,271110_p_190_Shadow_20240815_1200_LST.tif,46.16760970408365,141.7715376843796
190,271110_p_190_2022_06_02_dsm.tif,271110_p_190_Shadow_20240620_0730_LST.tif,16.651002321708095,72.95604494785685
190,271110_p_190_2022_06_02_dsm.tif,271110_p_190_Shadow_20240715_2100_LST.tif,6.387099669060605,297.2338413615539
190,271110_p_190_2022_06_02_dsm.tif,271110_p_190_Shadow_20240515_1730_LST.tif,34.21589924387419,256.46930663534283
190,271110_p_190_2022_06_02_dsm.tif,271110_p_190_Shadow_20241015_1730_LST.tif,9.904870599669742,241.28872894191124
190,271110_p_190_2022_06_02_dsm.tif,271110_p_190_Shadow_20240620_1100_LST.tif,47.81931491313314,117.45413438134682
190,271110_p_190_2022_06_02_dsm.tif,271110_p_190_Shadow_20240620_1830_LST.tif,29.261856240413863,271.1774626701673
190,271110_p_190_2022_06_02_dsm.tif,271110_p_190_Shadow_20240815_1030_LST.tif,35.52578126875417,116.35904872542612
190,271110_p_190_2022_06_02_dsm.tif,271110_p_190_Shadow_20240815_1900_LST.tif,17.690045286080796,269.74459198455054
190,271110_p_190_2022_06_02_dsm.tif,271110_p_190_Shadow_20240715_1400_LST.tif,58.91826404168574,186.1238468467767
190,271110_p_190_2022_06_02_dsm.tif,271110_p_190_Shadow_20240922_1900_LST.tif,5.101323187973016,263.4425869849088
190,271110_p_190_2022_06_02_dsm.tif,271110_p_190_Shadow_20240715_0930_LST.tif,32.53899720617871,96.74230932436187
190,271110_p_190_2022_06_02_dsm.tif,271110_p_190_Shadow_20240922_1030_LST.tif,25.312972330258415,127.62859087608922
190,271110_p_190_2022_06_02_dsm.tif,271110_p_190_Shadow_20241015_1300_LST.tif,28.612683184568482,172.67095798003544
190,271110_p_190_2022_06_02_dsm.tif,271110_p_190_Shadow_20240515_1300_LST.tif,55.912675057827556,164.38922572919762
190,271110_p_190_2022_06_02_dsm.tif,271110_p_190_Shadow_20240620_1530_LST.tif,54.51865117405495,225.7994073662385
190,271110_p_190_2022_06_02_dsm.tif,271110_p_190_Shadow_20240815_0930_LST.tif,26.92321624002134,102.59277066143727
190,271110_p_190_2022_06_02_dsm.tif,271110_p_190_Shadow_20240515_0700_LST.tif,9.617597136925232,71.18312270961464
190,271110_p_190_2022_06_02_dsm.tif,271110_p_190_Shadow_20240620_0800_LST.tif,21.074301784702236,78.51400229194064
190,271110_p_190_2022_06_02_dsm.tif,271110_p_190_Shadow_20240815_1400_LST.tif,51.317462892104274,185.9208890007871
190,271110_p_190_2022_06_02_dsm.tif,271110_p_190_Shadow_20240620_2030_LST.tif,11.548035388145552,293.67364430629686
190,271110_p_190_2022_06_02_dsm.tif,271110_p_190_Shadow_20240715_1030_LST.tif,41.41648585858349,110.26159526432969
190,271110_p_190_2022_06_02_dsm.tif,271110_p_190_Shadow_20240922_0930_LST.tif,17.480919926936387,113.8788445459878
190,271110_p_190_2022_06_02_dsm.tif,271110_p_190_Shadow_20240715_1900_LST.tif,23.79726811019845,274.63049077278686
190,271110_p_190_2022_06_02_dsm.tif,271110_p_190_Shadow_20240815_2100_LST.tif,0.29527663800921294,293.13743682740676
190,271110_p_190_2022_06_02_dsm.tif,271110_p_190_Shadow_20240922_1400_LST.tif,37.34876118908321,188.5336457234709
190,271110_p_190_2022_06_02_dsm.tif,271110_p_190_Shadow_20240515_0630_LST.tif,5.420296934886444,65.46243046694332
190,271110_p_190_2022_06_02_dsm.tif,271110_p_190_Shadow_20240620_0930_LST.tif,34.719413392765574,96.07395143129276
190,271110_p_190_2022_06_02_dsm.tif,271110_p_190_Shadow_20240815_1530_LST.tif,46.08219201523534,218.34991298886825
190,271110_p_190_2022_06_02_dsm.tif,271110_p_190_Shadow_20240620_1400_LST.tif,60.868796204662594,188.46689454414957
190,271110_p_190_2022_06_02_dsm.tif,271110_p_190_Shadow_20240815_0800_LST.tif,13.316578907551547,84.3663715136992
190,271110_p_190_2022_06_02_dsm.tif,271110_p_190_Shadow_20240515_1230_LST.tif,54.21859809758704,152.35350001812287
190,271110_p_190_2022_06_02_dsm.tif,271110_p_190_Shadow_20241015_1230_LST.tif,27.708088996473343,164.32602586107046
190,271110_p_190_2022_06_02_dsm.tif,271110_p_190_Shadow_20240922_1530_LST.tif,32.18611837014024,215.2936089143506
190,271110_p_190_2022_06_02_dsm.tif,271110_p_190_Shadow_20240815_2030_LST.tif,4.273157390980104,287.25071315380376
190,271110_p_190_2022_06_02_dsm.tif,271110_p_190_Shadow_20240715_1100_LST.tif,45.58894675670453,117.9823072878331
190,271110_p_190_2022_06_02_dsm.tif,271110_p_190_Shadow_20240922_0800_LST.tif,4.382004015387926,95.29230249849945
190,271110_p_190_2022_06_02_dsm.tif,271110_p_190_Shadow_20240620_2100_LST.tif,7.489579833787569,299.27730154152323
190,271110_p_190_2022_06_02_dsm.tif,271110_p_190_Shadow_20240715_1830_LST.tif,28.36752937139933,268.75617462206355
190,271110_p_190_2022_06_02_dsm.tif,271110_p_190_Shadow_20240815_1100_LST.tif,39.473650105045095,124.07507263843985
190,271110_p_190_2022_06_02_dsm.tif,271110_p_190_Shadow_20240815_1830_LST.tif,22.25405451862384,263.71000400843195
190,271110_p_190_2022_06_02_dsm.tif,271110_p_190_Shadow_20240620_1030_LST.tif,43.62561457157073,109.636960100985
190,271110_p_190_2022_06_02_dsm.tif,271110_p_190_Shadow_20240715_2030_LST.tif,10.509937362589367,291.57032337159677
190,271110_p_190_2022_06_02_dsm.tif,271110_p_190_Shadow_20241015_1600_LST.tif,20.559878078470355,221.05455737189286
190,271110_p_190_2022_06_02_dsm.tif,271110_p_190_Shadow_20240515_1600_LST.tif,46.62045683856405,233.6149120370208
190,271110_p_190_2022_06_02_dsm.tif,271110_p_190_Shadow_20240620_1900_LST.tif,24.703664507393164,276.954836555071
190,271110_p_190_2022_06_02_dsm.tif,271110_p_190_Shadow_20240922_1830_LST.tif,9.55495772755461,257.4064069219467
190,271110_p_190_2022_06_02_dsm.tif,271110_p_190_Shadow_20240715_0800_LST.tif,18.897764884809064,79.07172723997193
190,271110_p_190_2022_06_02_dsm.tif,271110_p_190_Shadow_20240922_1100_LST.tif,28.737389215569216,135.1197809127736
190,271110_p_190_2022_06_02_dsm.tif,271110_p_190_Shadow_20240715_1530_LST.tif,53.16032840050723,222.68367861610233
190,271110_p_190_2022_06_02_dsm.tif,271110_p_190_Shadow_20240922_1330_LST.tif,37.66102235569815,179.08385866316192
190,271110_p_190_2022_06_02_dsm.tif,271110_p_190_Shadow_20240922_0730_LST.tif,0.1655649692216472,89.33635758900024
190,271110_p_190_2022_06_02_dsm.tif,271110_p_190_Shadow_20240715_1700_LST.tif,41.790439042953786,248.99883144080803
190,271110_p_190_2022_06_02_dsm.tif,271110_p_190_Shadow_20240815_1330_LST.tif,51.33108301010401,174.25537996717892
190,271110_p_190_2022_06_02_dsm.tif,271110_p_190_Shadow_20240515_0900_LST.tif,27.61232855453255,94.35858844669409
190,271110_p_190_2022_06_02_dsm.tif,271110_p_190_Shadow_20241015_0900_LST.tif,7.029937315255596,114.04854671508205
190,271110_p_190_2022_06_02_dsm.tif,271110_p_190_Shadow_20240620_0600_LST.tif,4.413260189964306,56.13896289974488
190,271110_p_190_2022_06_02_dsm.tif,271110_p_190_Shadow_20240620_1200_LST.tif,55.14783408465672,136.2617791011973
190,271110_p_190_2022_06_02_dsm.tif,271110_p_190_Shadow_20240515_1430_LST.tif,55.10576716668695,202.36298647866693
190,271110_p_190_2022_06_02_dsm.tif,271110_p_190_Shadow_20241015_1430_LST.tif,27.328872964617716,197.84434130978659
190,271110_p_190_2022_06_02_dsm.tif,271110_p_190_Shadow_20240815_0730_LST.tif,8.82736480716785,78.55016438278119
190,271110_p_190_2022_06_02_dsm.tif,271110_p_190_Shadow_20240922_1700_LST.tif,22.19411974887418,238.03414670537612
190,271110_p_190_2022_06_02_dsm.tif,271110_p_190_Shadow_20240715_0730_LST.tif,14.469655587640826,73.45138088730943
190,271110_p_190_2022_06_02_dsm.tif,271110_p_190_Shadow_20240715_1330_LST.tif,58.87016520799663,172.5898423364461
190,271110_p_190_2022_06_02_dsm.tif,271110_p_190_Shadow_20240815_1700_LST.tif,35.39297992243998,243.69440611913404
190,271110_p_190_2022_06_02_dsm.tif,271110_p_190_Shadow_20240515_1930_LST.tif,16.085916363334928,280.6610428816448
190,271110_p_190_2022_06_02_dsm.tif,271110_p_190_Shadow_20240620_1630_LST.tif,47.02101538541718,244.14289824993747
190,271110_p_190_2022_06_02_dsm.tif,271110_p_190_Shadow_20241015_1000_LST.tif,14.841098643578968,126.85395323124571
190,271110_p_190_2022_06_02_dsm.tif,271110_p_190_Shadow_20240515_1000_LST.tif,36.589362518668615,107.33730729927075
190,271110_p_190_2022_06_02_dsm.tif,271110_p_190_Shadow_20240620_1500_LST.tif,57.477283297009045,214.67594099255385
190,271110_p_190_2022_06_02_dsm.tif,271110_p_190_Shadow_20240815_0900_LST.tif,22.42033716585798,96.2994208409292
190,271110_p_190_2022_06_02_dsm.tif,271110_p_190_Shadow_20240515_1330_LST.tif,56.654740396925085,177.10545824094362
190,271110_p_190_2022_06_02_dsm.tif,271110_p_190_Shadow_20241015_1330_LST.tif,28.852810501462557,181.11984288658374
190,271110_p_190_2022_06_02_dsm.tif,271110_p_190_Shadow_20240515_0730_LST.tif,13.993514971627647,76.86161557221244
190,271110_p_190_2022_06_02_dsm.tif,271110_p_190_Shadow_20240620_0830_LST.tif,25.590082040720013,84.15942715223957
190,271110_p_190_2022_06_02_dsm.tif,271110_p_190_Shadow_20240815_1430_LST.tif,50.38574412805977,197.37330537119328
190,271110_p_190_2022_06_02_dsm.tif,271110_p_190_Shadow_20240715_1000_LST.tif,37.039611091663055,103.23930942772256
190,271110_p_190_2022_06_02_dsm.tif,271110_p_190_Shadow_20240922_0900_LST.tif,13.221227999980414,107.48690321206685
190,271110_p_190_2022_06_02_dsm.tif,271110_p_190_Shadow_20240620_2000_LST.tif,15.802572517500572,288.12663576236884
190,271110_p_190_2022_06_02_dsm.tif,271110_p_190_Shadow_20240715_1930_LST.tif,19.26669561103552,280.3362437021382
190,271110_p_190_2022_06_02_dsm.tif,271110_p_190_Shadow_20240922_1430_LST.tif,36.297272461828854,197.81408516424762
190,271110_p_190_2022_06_02_dsm.tif,271110_p_190_Shadow_20240620_1130_LST.tif,51.70619808904415,126.25091688725135
190,271110_p_190_2022_06_02_dsm.tif,271110_p_190_Shadow_20240715_2130_LST.tif,2.5520867705003263,303.0030840865222
190,271110_p_190_2022_06_02_dsm.tif,271110_p_190_Shadow_20241015_1700_LST.tif,13.772238301157898,234.84416371282285
190,271110_p_190_2022_06_02_dsm.tif,271110_p_190_Shadow_20240515_1700_LST.tif,38.58566476022227,249.53619863951707
190,271110_p_190_2022_06_02_dsm.tif,271110_p_190_Shadow_20240620_1800_LST.tif,33.83073959599275,265.1449105883013
190,271110_p_190_2022_06_02_dsm.tif,271110_p_190_Shadow_20240815_1000_LST.tif,31.31482639789057,109.24025724972701
190,271110_p_190_2022_06_02_dsm.tif,271110_p_190_Shadow_20240815_1930_LST.tif,13.13041536839619,275.62559280265145
190,271110_p_190_2022_06_02_dsm.tif,271110_p_190_Shadow_20240620_0530_LST.tif,0.9705024584970501,50.31162303507085
190,271110_p_190_2022_06_02_dsm.tif,271110_p_190_Shadow_20240715_1430_LST.tif,57.904497810741645,199.33121062399266
190,271110_p_190_2022_06_02_dsm.tif,271110_p_190_Shadow_20240922_1930_LST.tif,0.7927048422838968,269.39570953764473
190,271110_p_190_2022_06_02_dsm.tif,271110_p_190_Shadow_20240715_0900_LST.tif,27.97970549134508,90.62539103644612
190,271110_p_190_2022_06_02_dsm.tif,271110_p_190_Shadow_20240922_1000_LST.tif,21.535161014931074,120.56879149088763
190,271110_p_190_2022_06_02_dsm.tif,271110_p_190_Shadow_20240715_1600_LST.tif,49.7770935988456,232.50080572304003
190,271110_p_190_2022_06_02_dsm.tif,271110_p_190_Shadow_20240515_2030_LST.tif,7.381974970984767,292.0409169945356
190,271110_p_190_2022_06_02_dsm.tif,271110_p_190_Shadow_20240922_1230_LST.tif,36.045301395960315,160.41597215363285
190,271110_p_190_2022_06_02_dsm.tif,271110_p_190_Shadow_20240620_1300_LST.tif,59.97600889881425,160.4533855642464
190,271110_p_190_2022_06_02_dsm.tif,271110_p_190_Shadow_20240515_1530_LST.tif,50.06831832933544,224.28896184274478
190,271110_p_190_2022_06_02_dsm.tif,271110_p_190_Shadow_20241015_1530_LST.tif,23.339682432891173,213.64906032379668
190,271110_p_190_2022_06_02_dsm.tif,271110_p_190_Shadow_20240815_0630_LST.tif,0.48218763817907334,66.8432079745958
190,271110_p_190_2022_06_02_dsm.tif,271110_p_190_Shadow_20240815_1230_LST.tif,48.667097593478935,151.88937164030185
190,271110_p_190_2022_06_02_dsm.tif,271110_p_190_Shadow_20240515_0800_LST.tif,18.484522759406495,82.56433706808863
190,271110_p_190_2022_06_02_dsm.tif,271110_p_190_Shadow_20240620_0700_LST.tif,12.36426851234068,67.41349712049119
190,271110_p_190_2022_06_02_dsm.tif,271110_p_190_Shadow_20240715_1230_LST.tif,55.71298482023829,147.25975431217134
190,271110_p_190_2022_06_02_dsm.tif,271110_p_190_Shadow_20240922_1600_LST.tif,29.27987252321103,223.33944911741676
190,271110_p_190_2022_06_02_dsm.tif,271110_p_190_Shadow_20240715_0630_LST.tif,6.085094854224291,62.16364293686297
190,271110_p_190_2022_06_02_dsm.tif,271110_p_190_Shadow_20240515_1830_LST.tif,25.16559111984642,269.0398359938357
190,271110_p_190_2022_06_02_dsm.tif,271110_p_190_Shadow_20241015_1830_LST.tif,1.6832894731892947,253.5318120560035
190,271110_p_190_2022_06_02_dsm.tif,271110_p_190_Shadow_20240620_1730_LST.tif,38.35790003785581,258.7347965130804
190,271110_p_190_2022_06_02_dsm.tif,271110_p_190_Shadow_20241015_1100_LST.tif,21.4092724857058,140.84019085659818
190,271110_p_190_2022_06_02_dsm.tif,271110_p_190_Shadow_20240515_1100_LST.tif,44.88622170250937,122.56171321531482
190,271110_p_190_2022_06_02_dsm.tif,271110_p_190_Shadow_20240815_1600_LST.tif,42.95604741770922,227.5842604629149
